{
	"__comment": "Designed by 0944831340 with Cubik Studio - https://cubik.studio",
	"ambientocclusion": false,
	"textures": {
		"arrow": "entity/arrow",
		"texture": "items/models/bow_2"
	},
	"elements": [ 	 
		{
			"__comment": "Element",
			"from": [ 4, 5, 7 ],
			"to": [ 6, 11, 9 ],
			"faces": {
				"north": { "uv": [ 15, 7, 13, 13 ], "texture": "#texture" },
				"south": { "uv": [ 13, 7, 15, 13 ], "texture": "#texture" },
				"west": { "uv": [ 13, 7, 15, 13 ], "texture": "#texture" },
				"east": { "uv": [ 13, 7, 15, 13 ], "texture": "#texture" }
			}
		},
		{
			"__comment": "Element",
			"from": [ 13.5, 8, 7.99 ],
			"to": [ 14, 28, 8.01 ],
			"faces": {
				"north": { "uv": [ 15, 0, 16, 16 ], "texture": "#texture" },
				"south": { "uv": [ 15, 0, 16, 16 ], "texture": "#texture" }
			}
		},
		{
			"__comment": "Element",
			"from": [ 13.5, -13, 7.99 ],
			"to": [ 14, 8, 8.01 ],
			"faces": {
				"north": { "uv": [ 15, 16, 16, 0 ], "texture": "#texture" },
				"south": { "uv": [ 15, 16, 16, 0 ], "texture": "#texture" }
			}
		},
		{
			"__comment": "Element",
			"from": [ 3, 4, 7 ],
			"to": [ 6, 5, 9 ],
			"faces": {
				"down": { "uv": [ 12, 13, 15, 14 ], "texture": "#texture" },
				"up": { "uv": [ 12, 13, 15, 14 ], "texture": "#texture" },
				"north": { "uv": [ 15, 14, 12, 13 ], "texture": "#texture" },
				"south": { "uv": [ 12, 14, 15, 13 ], "texture": "#texture" },
				"west": { "uv": [ 12, 13, 13, 14 ], "texture": "#texture" },
				"east": { "uv": [ 14, 14, 15, 13 ], "texture": "#texture" }
			}
		},
		{
			"__comment": "Element",
			"from": [ 3, 11, 7 ],
			"to": [ 6, 12, 9 ],
			"faces": {
				"down": { "uv": [ 12, 6, 15, 7 ], "texture": "#texture" },
				"up": { "uv": [ 12, 6, 15, 7 ], "texture": "#texture" },
				"north": { "uv": [ 15, 6, 12, 7 ], "texture": "#texture" },
				"south": { "uv": [ 12, 6, 15, 7 ], "texture": "#texture" },
				"west": { "uv": [ 12, 6, 13, 7 ], "texture": "#texture" },
				"east": { "uv": [ 14, 6, 15, 7 ], "texture": "#texture" }
			}
		},
		{
			"__comment": "Element",
			"from": [ 4, 12, 7 ],
			"to": [ 6, 14, 9 ],
			"faces": {
				"north": { "uv": [ 15, 4, 13, 6 ], "texture": "#texture" },
				"south": { "uv": [ 13, 4, 15, 6 ], "texture": "#texture" },
				"west": { "uv": [ 13, 4, 14, 6 ], "texture": "#texture" },
				"east": { "uv": [ 14, 4, 15, 6 ], "texture": "#texture" }
			}
		},
		{
			"__comment": "Element",
			"from": [ 4, 2, 7 ],
			"to": [ 6, 4, 9 ],
			"faces": {
				"north": { "uv": [ 15, 16, 13, 14 ], "texture": "#texture" },
				"south": { "uv": [ 13, 16, 15, 14 ], "texture": "#texture" },
				"west": { "uv": [ 13, 16, 14, 14 ], "texture": "#texture" },
				"east": { "uv": [ 14, 16, 15, 14 ], "texture": "#texture" }
			}
		},
		{
			"__comment": "Element",
			"from": [ 4, 14, 7 ],
			"to": [ 6, 15, 9 ],
			"faces": {
				"up": { "uv": [ 2, 15, 4, 16 ], "texture": "#texture" },
				"north": { "uv": [ 4, 15, 2, 16 ], "texture": "#texture" },
				"south": { "uv": [ 2, 15, 4, 16 ], "texture": "#texture" },
				"west": { "uv": [ 2, 15, 3, 16 ], "texture": "#texture" },
				"east": { "uv": [ 3, 15, 4, 16 ], "texture": "#texture" }
			}
		},
		{
			"__comment": "Element",
			"from": [ 4, 1, 7 ],
			"to": [ 6, 2, 9 ],
			"faces": {
				"down": { "uv": [ 2, 15, 4, 16 ], "texture": "#texture" },
				"north": { "uv": [ 4, 16, 2, 15 ], "texture": "#texture" },
				"south": { "uv": [ 2, 16, 4, 15 ], "texture": "#texture" },
				"west": { "uv": [ 2, 16, 3, 15 ], "texture": "#texture" },
				"east": { "uv": [ 3, 16, 4, 15 ], "texture": "#texture" }
			}
		},
		{
			"__comment": "Element",
			"from": [ 3, 15, 7 ],
			"to": [ 5, 17, 9 ],
			"faces": {
				"down": { "uv": [ 1, 14, 3, 15 ], "texture": "#texture" },
				"up": { "uv": [ 1, 13, 3, 14 ], "texture": "#texture" },
				"north": { "uv": [ 3, 13, 1, 15 ], "texture": "#texture" },
				"south": { "uv": [ 1, 13, 3, 15 ], "texture": "#texture" },
				"west": { "uv": [ 1, 13, 2, 15 ], "texture": "#texture" },
				"east": { "uv": [ 2, 13, 3, 15 ], "texture": "#texture" }
			}
		},
		{
			"__comment": "Element",
			"from": [ 3, -1, 7 ],
			"to": [ 5, 1, 9 ],
			"faces": {
				"down": { "uv": [ 1, 13, 3, 14 ], "texture": "#texture" },
				"up": { "uv": [ 1, 14, 3, 15 ], "texture": "#texture" },
				"north": { "uv": [ 3, 15, 1, 13 ], "texture": "#texture" },
				"south": { "uv": [ 1, 15, 3, 13 ], "texture": "#texture" },
				"west": { "uv": [ 1, 15, 2, 13 ], "texture": "#texture" },
				"east": { "uv": [ 2, 15, 3, 13 ], "texture": "#texture" }
			}
		},
		{
			"__comment": "Element",
			"from": [ 2, 16, 7 ],
			"to": [ 4, 21, 9 ],
			"faces": {
				"down": { "uv": [ 0, 13, 2, 14 ], "texture": "#texture" },
				"up": { "uv": [ 0, 9, 2, 10 ], "texture": "#texture" },
				"north": { "uv": [ 2, 9, 0, 14 ], "texture": "#texture" },
				"south": { "uv": [ 0, 9, 2, 14 ], "texture": "#texture" },
				"west": { "uv": [ 0, 9, 1, 14 ], "texture": "#texture" },
				"east": { "uv": [ 1, 9, 2, 14 ], "texture": "#texture" }
			}
		},
		{
			"__comment": "Element",
			"from": [ 2, -5, 7 ],
			"to": [ 4, 0, 9 ],
			"faces": {
				"down": { "uv": [ 0, 9, 2, 10 ], "texture": "#texture" },
				"up": { "uv": [ 0, 13, 2, 14 ], "texture": "#texture" },
				"north": { "uv": [ 2, 14, 0, 9 ], "texture": "#texture" },
				"south": { "uv": [ 0, 14, 2, 9 ], "texture": "#texture" },
				"west": { "uv": [ 0, 14, 1, 9 ], "texture": "#texture" },
				"east": { "uv": [ 1, 14, 2, 9 ], "texture": "#texture" }
			}
		},
		{
			"__comment": "Element",
			"from": [ 3, 20, 7 ],
			"to": [ 5, 23, 9 ],
			"faces": {
				"down": { "uv": [ 1, 9, 3, 10 ], "texture": "#texture" },
				"up": { "uv": [ 1, 7, 3, 8 ], "texture": "#texture" },
				"north": { "uv": [ 3, 7, 1, 10 ], "texture": "#texture" },
				"south": { "uv": [ 1, 7, 3, 10 ], "texture": "#texture" },
				"west": { "uv": [ 1, 7, 2, 10 ], "texture": "#texture" },
				"east": { "uv": [ 2, 7, 3, 10 ], "texture": "#texture" }
			}
		},
		{
			"__comment": "Element",
			"from": [ 3, -7, 7 ],
			"to": [ 5, -4, 9 ],
			"faces": {
				"down": { "uv": [ 1, 7, 3, 8 ], "texture": "#texture" },
				"up": { "uv": [ 1, 9, 3, 10 ], "texture": "#texture" },
				"north": { "uv": [ 3, 10, 1, 7 ], "texture": "#texture" },
				"south": { "uv": [ 1, 10, 3, 7 ], "texture": "#texture" },
				"west": { "uv": [ 1, 10, 2, 7 ], "texture": "#texture" },
				"east": { "uv": [ 2, 10, 3, 7 ], "texture": "#texture" }
			}
		},
		{
			"__comment": "Element",
			"from": [ 4, 22, 7 ],
			"to": [ 6, 24, 9 ],
			"faces": {
				"down": { "uv": [ 2, 7, 4, 8 ], "texture": "#texture" },
				"up": { "uv": [ 2, 6, 4, 7 ], "texture": "#texture" },
				"north": { "uv": [ 4, 6, 2, 8 ], "texture": "#texture" },
				"south": { "uv": [ 2, 6, 4, 8 ], "texture": "#texture" },
				"west": { "uv": [ 2, 6, 3, 8 ], "texture": "#texture" },
				"east": { "uv": [ 3, 6, 4, 8 ], "texture": "#texture" }
			}
		},
		{
			"__comment": "Element",
			"from": [ 4, -9, 7 ],
			"to": [ 6, -7, 9 ],
			"faces": {
				"down": { "uv": [ 2, 6, 4, 7 ], "texture": "#texture" },
				"up": { "uv": [ 2, 7, 4, 8 ], "texture": "#texture" },
				"north": { "uv": [ 4, 8, 2, 6 ], "texture": "#texture" },
				"south": { "uv": [ 2, 8, 4, 6 ], "texture": "#texture" },
				"west": { "uv": [ 2, 8, 3, 6 ], "texture": "#texture" },
				"east": { "uv": [ 3, 8, 4, 6 ], "texture": "#texture" }
			}
		},
		{
			"__comment": "Element",
			"from": [ 5, 24, 7 ],
			"to": [ 7, 25, 9 ],
			"faces": {
				"down": { "uv": [ 3, 5, 5, 6 ], "texture": "#texture" },
				"up": { "uv": [ 3, 5, 5, 6 ], "texture": "#texture" },
				"north": { "uv": [ 5, 5, 3, 6 ], "texture": "#texture" },
				"south": { "uv": [ 3, 5, 5, 6 ], "texture": "#texture" },
				"west": { "uv": [ 3, 5, 4, 6 ], "texture": "#texture" },
				"east": { "uv": [ 4, 5, 5, 6 ], "texture": "#texture" }
			}
		},
		{
			"__comment": "Element",
			"from": [ 6, 25, 7 ],
			"to": [ 8, 26, 9 ],
			"faces": {
				"down": { "uv": [ 4, 4, 6, 5 ], "texture": "#texture" },
				"up": { "uv": [ 4, 4, 6, 5 ], "texture": "#texture" },
				"north": { "uv": [ 6, 4, 4, 5 ], "texture": "#texture" },
				"south": { "uv": [ 4, 4, 6, 5 ], "texture": "#texture" },
				"west": { "uv": [ 4, 4, 5, 5 ], "texture": "#texture" },
				"east": { "uv": [ 5, 4, 6, 5 ], "texture": "#texture" }
			}
		},
		{
			"__comment": "Element",
			"from": [ 7, 26, 7 ],
			"to": [ 9, 27, 9 ],
			"faces": {
				"down": { "uv": [ 5, 3, 7, 4 ], "texture": "#texture" },
				"up": { "uv": [ 5, 3, 7, 4 ], "texture": "#texture" },
				"north": { "uv": [ 7, 3, 5, 4 ], "texture": "#texture" },
				"south": { "uv": [ 5, 3, 7, 4 ], "texture": "#texture" },
				"west": { "uv": [ 5, 3, 6, 4 ], "texture": "#texture" },
				"east": { "uv": [ 6, 3, 7, 4 ], "texture": "#texture" }
			}
		},
		{
			"__comment": "Element",
			"from": [ 8, 27, 7 ],
			"to": [ 11, 28, 9 ],
			"faces": {
				"down": { "uv": [ 6, 2, 9, 3 ], "texture": "#texture" },
				"up": { "uv": [ 6, 2, 9, 3 ], "texture": "#texture" },
				"north": { "uv": [ 9, 2, 6, 3 ], "texture": "#texture" },
				"south": { "uv": [ 6, 2, 9, 3 ], "texture": "#texture" },
				"west": { "uv": [ 6, 2, 7, 3 ], "texture": "#texture" },
				"east": { "uv": [ 8, 2, 9, 3 ], "texture": "#texture" }
			}
		},
		{
			"__comment": "Element",
			"from": [ 10, 28, 7 ],
			"to": [ 12, 29, 9 ],
			"faces": {
				"down": { "uv": [ 8, 1, 10, 2 ], "texture": "#texture" },
				"up": { "uv": [ 8, 1, 10, 2 ], "texture": "#texture" },
				"north": { "uv": [ 10, 1, 8, 2 ], "texture": "#texture" },
				"south": { "uv": [ 8, 1, 10, 2 ], "texture": "#texture" },
				"west": { "uv": [ 8, 1, 9, 2 ], "texture": "#texture" }
			}
		},
		{
			"__comment": "Element",
			"from": [ 12, 28, 7 ],
			"to": [ 14, 30, 9 ],
			"faces": {
				"down": { "uv": [ 10, 1, 12, 2 ], "texture": "#texture" },
				"up": { "uv": [ 10, 0, 12, 1 ], "texture": "#texture" },
				"north": { "uv": [ 12, 0, 10, 2 ], "texture": "#texture" },
				"south": { "uv": [ 10, 0, 12, 2 ], "texture": "#texture" },
				"west": { "uv": [ 10, 0, 11, 2 ], "texture": "#texture" },
				"east": { "uv": [ 11, 0, 12, 2 ], "texture": "#texture" }
			}
		},
		{
			"__comment": "Element",
			"from": [ 12, -15, 7 ],
			"to": [ 14, -13, 9 ],
			"faces": {
				"down": { "uv": [ 10, 0, 12, 1 ], "texture": "#texture" },
				"up": { "uv": [ 10, 1, 12, 2 ], "texture": "#texture" },
				"north": { "uv": [ 12, 2, 10, 0 ], "texture": "#texture" },
				"south": { "uv": [ 10, 2, 12, 0 ], "texture": "#texture" },
				"west": { "uv": [ 10, 2, 11, 0 ], "texture": "#texture" },
				"east": { "uv": [ 11, 0, 12, 2 ], "texture": "#texture" }
			}
		},
		{
			"__comment": "Element",
			"from": [ 10, -14, 7 ],
			"to": [ 12, -13, 9 ],
			"faces": {
				"down": { "uv": [ 8, 1, 10, 2 ], "texture": "#texture" },
				"up": { "uv": [ 8, 1, 10, 2 ], "texture": "#texture" },
				"north": { "uv": [ 10, 2, 8, 1 ], "texture": "#texture" },
				"south": { "uv": [ 8, 2, 10, 1 ], "texture": "#texture" },
				"west": { "uv": [ 8, 2, 9, 1 ], "texture": "#texture" }
			}
		},
		{
			"__comment": "Element",
			"from": [ 8, -13, 7 ],
			"to": [ 11, -12, 9 ],
			"faces": {
				"down": { "uv": [ 6, 2, 9, 3 ], "texture": "#texture" },
				"up": { "uv": [ 6, 2, 9, 3 ], "texture": "#texture" },
				"north": { "uv": [ 9, 3, 6, 2 ], "texture": "#texture" },
				"south": { "uv": [ 6, 3, 9, 2 ], "texture": "#texture" },
				"west": { "uv": [ 6, 3, 7, 2 ], "texture": "#texture" },
				"east": { "uv": [ 8, 3, 9, 2 ], "texture": "#texture" }
			}
		},
		{
			"__comment": "Element",
			"from": [ 7, -12, 7 ],
			"to": [ 9, -11, 9 ],
			"faces": {
				"down": { "uv": [ 5, 3, 7, 4 ], "texture": "#texture" },
				"up": { "uv": [ 5, 3, 7, 4 ], "texture": "#texture" },
				"north": { "uv": [ 7, 4, 5, 3 ], "texture": "#texture" },
				"south": { "uv": [ 5, 4, 7, 3 ], "texture": "#texture" },
				"west": { "uv": [ 5, 4, 6, 3 ], "texture": "#texture" },
				"east": { "uv": [ 6, 4, 7, 3 ], "texture": "#texture" }
			}
		},
		{
			"__comment": "Element",
			"from": [ 6, -11, 7 ],
			"to": [ 8, -10, 9 ],
			"faces": {
				"down": { "uv": [ 4, 4, 6, 5 ], "texture": "#texture" },
				"up": { "uv": [ 4, 4, 6, 5 ], "texture": "#texture" },
				"north": { "uv": [ 6, 5, 4, 4 ], "texture": "#texture" },
				"south": { "uv": [ 4, 5, 6, 4 ], "texture": "#texture" },
				"west": { "uv": [ 4, 5, 5, 4 ], "texture": "#texture" },
				"east": { "uv": [ 5, 5, 6, 4 ], "texture": "#texture" }
			}
		},
		{
			"__comment": "Element",
			"from": [ 5, -10, 7 ],
			"to": [ 7, -9, 9 ],
			"faces": {
				"down": { "uv": [ 3, 5, 5, 6 ], "texture": "#texture" },
				"up": { "uv": [ 3, 5, 5, 6 ], "texture": "#texture" },
				"north": { "uv": [ 5, 6, 3, 5 ], "texture": "#texture" },
				"south": { "uv": [ 3, 6, 5, 5 ], "texture": "#texture" },
				"west": { "uv": [ 3, 6, 4, 5 ], "texture": "#texture" },
				"east": { "uv": [ 4, 6, 5, 5 ], "texture": "#texture" }
			}
		}
	],
	"display": {
		"thirdperson_righthand": {
			"rotation":  [ 0, -90, 0 ],
			"translation":  [ -0.56, -1.51, 4.02 ],
			"scale":  [ 0.7, 0.7, 0.7 ]
		},
		"thirdperson_lefthand": {
			"rotation":  [ 0, 90, 0 ],
			"translation":  [ -0.56, -1.51, 4.02 ],
			"scale":  [ 0.85, 0.85, 0.85 ]
		},
		"firstperson_righthand": {
			"rotation":  [ 52, -85, 51 ],
			"translation":  [ 0, 4.72, 0 ],
			"scale":  [ 0.6, 0.6, 0.3565 ]
		},
		"firstperson_lefthand": {
			"rotation":  [ -52, 85, 51 ],
			"translation":  [ 0, 4.72, 0 ],
			"scale":  [ 0.6, 0.6, 0.6 ]
		},
		"gui": {
			"rotation":  [ 0, 0, -45 ],
			"translation":  [ 0, 0.8, 0 ],
			"scale":  [ 0.6, 0.6, 0.6 ]
		},
		"ground": {
			"translation":  [ 0, 9.5652, 0 ],
			"scale":  [ 0.4173, 0.4585, 0.4238 ]
		},
		"fixed": {
			"scale":  [ 0.5, 0.5, 0.5 ]
		}
	}
}