{
	"__comment": "Designed by 0944831340 with Cubik Studio - https://cubik.studio",
	"ambientocclusion": false,
	"textures": {
		"texture": "items/models/dagger_1"
	},
	"elements": [ 	 
		{
			"__comment": "Element",
			"from": [ 5, 6, 7 ],
			"to": [ 11, 8, 9 ],
			"faces": {
				"down": { "uv": [ 4, 7, 10, 8 ], "texture": "#texture" },
				"up": { "uv": [ 4, 4, 10, 6 ], "texture": "#texture" },
				"north": { "uv": [ 4, 6, 10, 8 ], "texture": "#texture" },
				"south": { "uv": [ 4, 6, 10, 8 ], "texture": "#texture" },
				"west": { "uv": [ 6, 14, 8, 16 ], "texture": "#texture" },
				"east": { "uv": [ 6, 14, 8, 16 ], "texture": "#texture" }
			}
		},
		{
			"__comment": "Element",
			"from": [ 6, 5, 7 ],
			"to": [ 10, 6, 9 ],
			"faces": {
				"down": { "uv": [ 5, 8, 9, 9 ], "texture": "#texture" },
				"north": { "uv": [ 5, 8, 9, 9 ], "texture": "#texture" },
				"south": { "uv": [ 5, 8, 9, 9 ], "texture": "#texture" },
				"west": { "uv": [ 6, 8, 8, 9 ], "texture": "#texture" },
				"east": { "uv": [ 6, 8, 8, 9 ], "texture": "#texture" }
			}
		},
		{
			"__comment": "Element",
			"from": [ 7, -2, 7 ],
			"to": [ 9, 5, 9 ],
			"faces": {
				"down": { "uv": [ 6, 14, 8, 16 ], "texture": "#texture" },
				"north": { "uv": [ 6, 9, 8, 16 ], "texture": "#texture" },
				"south": { "uv": [ 6, 9, 8, 16 ], "texture": "#texture" },
				"west": { "uv": [ 6, 9, 8, 16 ], "texture": "#texture" },
				"east": { "uv": [ 6, 9, 8, 16 ], "texture": "#texture" }
			}
		},
		{
			"__comment": "Element",
			"from": [ 6, 8, 7.5 ],
			"to": [ 10, 17, 8.5 ],
			"faces": {
				"up": { "uv": [ 0, 2, 4, 3 ], "texture": "#texture" },
				"north": { "uv": [ 4, 2, 0, 11 ], "texture": "#texture" },
				"south": { "uv": [ 0, 2, 4, 11 ], "texture": "#texture" },
				"west": { "uv": [ 0, 2, 1, 11 ], "texture": "#texture" },
				"east": { "uv": [ 3, 2, 4, 11 ], "texture": "#texture" }
			}
		},
		{
			"__comment": "Element",
			"from": [ 7, 8, 7.25 ],
			"to": [ 9, 9, 8.75 ],
			"faces": {
				"up": { "uv": [ 1, 10, 3, 11 ], "texture": "#texture" },
				"north": { "uv": [ 3, 10, 1, 11 ], "texture": "#texture" },
				"south": { "uv": [ 1, 10, 3, 11 ], "texture": "#texture" },
				"west": { "uv": [ 1, 10, 2, 11 ], "texture": "#texture" },
				"east": { "uv": [ 2, 10, 3, 11 ], "texture": "#texture" }
			}
		},
		{
			"__comment": "Element",
			"from": [ 7, 17, 7.75 ],
			"to": [ 9, 19, 8.25 ],
			"faces": {
				"up": { "uv": [ 1, 0, 3, 1 ], "texture": "#texture" },
				"north": { "uv": [ 3, 0, 1, 2 ], "texture": "#texture" },
				"south": { "uv": [ 1, 0, 3, 2 ], "texture": "#texture" },
				"west": { "uv": [ 1, 0, 2, 2 ], "texture": "#texture" },
				"east": { "uv": [ 2, 0, 3, 2 ], "texture": "#texture" }
			}
		}
	],
	"display": {
		"thirdperson_righthand": {
			"rotation":  [ -1, 97, 0 ],
			"translation":  [ 0, 2.7826, 0.6963 ],
			"scale":  [ 0.6, 0.6, 0.6 ]
		},
		"firstperson_righthand": {
			"rotation":  [ -16, 83, 0 ],
			"translation":  [ 0, 4.1739, 0.6956 ],
			"scale":  [ 0.6, 0.6, 0.6 ]
		},
		"gui": {
			"rotation":  [ 0, 0, -44 ]
		},
		"ground": {
			"translation":  [ 0, 2.0869, 0 ],
			"scale":  [ 0.6, 0.6, 0.6 ]
		}
	}
}