{
	"__comment": "Designed by MrZoom31 with Cubik Studio - https://cubik.studio",
	"textures": {
		"diamond_sword": "items/models/hammer_3"
	},
	"elements": [ 	 
		{
			"__comment": "Voxels",
			"from": [ 1, 9, -4 ],
			"to": [ 14, 10, -3 ],
			"faces": {
				"down": { "uv": [ 4.75, 14.25, 8, 14.5 ], "texture": "#diamond_sword" },
				"up": { "uv": [ 4.75, 16, 8, 15.75 ], "texture": "#diamond_sword" },
				"north": { "uv": [ 8, 15.5, 4.75, 15.75 ], "texture": "#diamond_sword" },
				"south": { "uv": [ 4.75, 15.25, 8, 15.5 ], "texture": "#diamond_sword" },
				"west": { "uv": [ 12, 10.25, 12.25, 10.5 ], "texture": "#diamond_sword" },
				"east": { "uv": [ 12.25, 8, 12, 8.25 ], "texture": "#diamond_sword" }
			}
		},
		{
			"__comment": "Voxels",
			"from": [ 1, 9, -2 ],
			"to": [ 14, 10, -1 ],
			"faces": {
				"down": { "uv": [ 4.75, 15, 8, 15.25 ], "texture": "#diamond_sword" },
				"up": { "uv": [ 4.75, 15, 8, 14.75 ], "texture": "#diamond_sword" },
				"north": { "uv": [ 8, 14.5, 4.75, 14.75 ], "texture": "#diamond_sword" },
				"south": { "uv": [ 4.75, 14, 8, 14.25 ], "texture": "#diamond_sword" },
				"west": { "uv": [ 12.75, 10.25, 13, 10.5 ], "texture": "#diamond_sword" },
				"east": { "uv": [ 13, 8.5, 12.75, 8.75 ], "texture": "#diamond_sword" }
			}
		},
		{
			"__comment": "Voxels",
			"from": [ 2, 9, 0 ],
			"to": [ 13, 10, 1 ],
			"faces": {
				"down": { "uv": [ 4.75, 13, 7.5, 13.25 ], "texture": "#diamond_sword" },
				"up": { "uv": [ 4.75, 13.5, 7.5, 13.25 ], "texture": "#diamond_sword" },
				"north": { "uv": [ 7.5, 13.5, 4.75, 13.75 ], "texture": "#diamond_sword" },
				"south": { "uv": [ 4.75, 13.75, 7.5, 14 ], "texture": "#diamond_sword" },
				"west": { "uv": [ 13, 10.75, 13.25, 11 ], "texture": "#diamond_sword" },
				"east": { "uv": [ 13.5, 10.75, 13.25, 11 ], "texture": "#diamond_sword" }
			}
		},
		{
			"__comment": "Voxels",
			"from": [ 3, 9, -3 ],
			"to": [ 12, 10, -2 ],
			"faces": {
				"down": { "uv": [ 4.75, 10.25, 7, 10.5 ], "texture": "#diamond_sword" },
				"up": { "uv": [ 4.75, 10.25, 7, 10 ], "texture": "#diamond_sword" },
				"north": { "uv": [ 7, 9.75, 4.75, 10 ], "texture": "#diamond_sword" },
				"south": { "uv": [ 4.75, 9.5, 7, 9.75 ], "texture": "#diamond_sword" },
				"west": { "uv": [ 14, 10.75, 14.25, 11 ], "texture": "#diamond_sword" },
				"east": { "uv": [ 14.5, 10.75, 14.25, 11 ], "texture": "#diamond_sword" }
			}
		},
		{
			"__comment": "Voxels",
			"from": [ 3, 9, -1 ],
			"to": [ 12, 10, 0 ],
			"faces": {
				"down": { "uv": [ 4.75, 9, 7, 9.25 ], "texture": "#diamond_sword" },
				"up": { "uv": [ 4.75, 9.5, 7, 9.25 ], "texture": "#diamond_sword" },
				"north": { "uv": [ 15.75, 15, 13.5, 15.25 ], "texture": "#diamond_sword" },
				"south": { "uv": [ 11.25, 15, 13.5, 15.25 ], "texture": "#diamond_sword" },
				"west": { "uv": [ 13, 9, 13.25, 9.25 ], "texture": "#diamond_sword" },
				"east": { "uv": [ 13.25, 8.75, 13, 9 ], "texture": "#diamond_sword" }
			}
		},
		{
			"__comment": "Voxels",
			"from": [ 3, 9, 2 ],
			"to": [ 12, 10, 3 ],
			"faces": {
				"down": { "uv": [ 12.75, 15.5, 15, 15.75 ], "texture": "#diamond_sword" },
				"up": { "uv": [ 10.5, 15.75, 12.75, 15.5 ], "texture": "#diamond_sword" },
				"north": { "uv": [ 10.5, 15.5, 8.25, 15.75 ], "texture": "#diamond_sword" },
				"south": { "uv": [ 8.25, 15.75, 10.5, 16 ], "texture": "#diamond_sword" },
				"west": { "uv": [ 13.25, 10.5, 13.5, 10.75 ], "texture": "#diamond_sword" },
				"east": { "uv": [ 13.75, 10.25, 13.5, 10.5 ], "texture": "#diamond_sword" }
			}
		},
		{
			"__comment": "Voxels",
			"from": [ 4, 7, -4 ],
			"to": [ 11, 9, 0 ],
			"faces": {
				"down": { "uv": [ 0, 14, 1.75, 15 ], "texture": "#diamond_sword" },
				"up": { "uv": [ 0, 13, 1.75, 12 ], "texture": "#diamond_sword" },
				"north": { "uv": [ 4.75, 11.25, 3, 11.75 ], "texture": "#diamond_sword" },
				"south": { "uv": [ 3, 10.75, 4.75, 11.25 ], "texture": "#diamond_sword" },
				"west": { "uv": [ 9, 14.5, 10, 15 ], "texture": "#diamond_sword" },
				"east": { "uv": [ 11, 14.5, 10, 15 ], "texture": "#diamond_sword" }
			}
		},
		{
			"__comment": "Voxels",
			"from": [ 4, 8, -5 ],
			"to": [ 11, 11, -4 ],
			"faces": {
				"down": { "uv": [ 10.75, 14.25, 12.5, 14.5 ], "texture": "#diamond_sword" },
				"up": { "uv": [ 9, 14.5, 10.75, 14.25 ], "texture": "#diamond_sword" },
				"north": { "uv": [ 4.75, 14.5, 3, 15.25 ], "texture": "#diamond_sword" },
				"south": { "uv": [ 3, 15.25, 4.75, 16 ], "texture": "#diamond_sword" },
				"west": { "uv": [ 4.25, 13, 4.5, 13.75 ], "texture": "#diamond_sword" },
				"east": { "uv": [ 4.75, 13, 4.5, 13.75 ], "texture": "#diamond_sword" }
			}
		},
		{
			"__comment": "Voxels",
			"from": [ 4, 9, 1 ],
			"to": [ 11, 10, 2 ],
			"faces": {
				"down": { "uv": [ 11, 14.75, 12.75, 15 ], "texture": "#diamond_sword" },
				"up": { "uv": [ 11, 14.75, 12.75, 14.5 ], "texture": "#diamond_sword" },
				"north": { "uv": [ 14.5, 14.75, 12.75, 15 ], "texture": "#diamond_sword" },
				"south": { "uv": [ 12.75, 14.5, 14.5, 14.75 ], "texture": "#diamond_sword" },
				"west": { "uv": [ 13.75, 10.25, 14, 10.5 ], "texture": "#diamond_sword" },
				"east": { "uv": [ 14.25, 10.25, 14, 10.5 ], "texture": "#diamond_sword" }
			}
		},
		{
			"__comment": "Voxels",
			"from": [ 4, 10, -4 ],
			"to": [ 11, 12, 0 ],
			"faces": {
				"down": { "uv": [ 0, 15, 1.75, 16 ], "texture": "#diamond_sword" },
				"up": { "uv": [ 0, 14, 1.75, 13 ], "texture": "#diamond_sword" },
				"north": { "uv": [ 1.75, 8, 0, 8.5 ], "texture": "#diamond_sword" },
				"south": { "uv": [ 3, 11.75, 4.75, 12.25 ], "texture": "#diamond_sword" },
				"west": { "uv": [ 6, 10.5, 7, 11 ], "texture": "#diamond_sword" },
				"east": { "uv": [ 8, 10.5, 7, 11 ], "texture": "#diamond_sword" }
			}
		},
		{
			"__comment": "Voxels",
			"from": [ 5, 6, -3 ],
			"to": [ 10, 7, -1 ],
			"faces": {
				"down": { "uv": [ 4.75, 11, 6, 11.5 ], "texture": "#diamond_sword" },
				"up": { "uv": [ 6, 11.5, 7.25, 11 ], "texture": "#diamond_sword" },
				"north": { "uv": [ 10.25, 13.5, 9, 13.75 ], "texture": "#diamond_sword" },
				"south": { "uv": [ 9, 13.25, 10.25, 13.5 ], "texture": "#diamond_sword" },
				"west": { "uv": [ 9.75, 9.5, 10.25, 9.75 ], "texture": "#diamond_sword" },
				"east": { "uv": [ 10.25, 9.25, 9.75, 9.5 ], "texture": "#diamond_sword" }
			}
		},
		{
			"__comment": "Voxels",
			"from": [ 5, 7, -5 ],
			"to": [ 10, 8, -4 ],
			"faces": {
				"down": { "uv": [ 9, 12.5, 10.25, 12.75 ], "texture": "#diamond_sword" },
				"up": { "uv": [ 9, 12.5, 10.25, 12.25 ], "texture": "#diamond_sword" },
				"north": { "uv": [ 10.25, 12, 9, 12.25 ], "texture": "#diamond_sword" },
				"south": { "uv": [ 9, 11.75, 10.25, 12 ], "texture": "#diamond_sword" },
				"west": { "uv": [ 7.75, 8, 8, 8.25 ], "texture": "#diamond_sword" },
				"east": { "uv": [ 8.25, 8, 8, 8.25 ], "texture": "#diamond_sword" }
			}
		},
		{
			"__comment": "Voxels",
			"from": [ 5, 7, 0 ],
			"to": [ 10, 9, 3 ],
			"faces": {
				"down": { "uv": [ 1.75, 8.75, 3, 9.5 ], "texture": "#diamond_sword" },
				"up": { "uv": [ 1.75, 10.25, 3, 9.5 ], "texture": "#diamond_sword" },
				"north": { "uv": [ 4.25, 9.25, 3, 9.75 ], "texture": "#diamond_sword" },
				"south": { "uv": [ 3, 8.75, 4.25, 9.25 ], "texture": "#diamond_sword" },
				"west": { "uv": [ 7.25, 11.5, 8, 12 ], "texture": "#diamond_sword" },
				"east": { "uv": [ 8, 11, 7.25, 11.5 ], "texture": "#diamond_sword" }
			}
		},
		{
			"__comment": "Voxels",
			"from": [ 5, 7, 16 ],
			"to": [ 10, 12, 17 ],
			"faces": {
				"down": { "uv": [ 9, 11.25, 10.25, 11.5 ], "texture": "#diamond_sword" },
				"up": { "uv": [ 9, 11.25, 10.25, 11 ], "texture": "#diamond_sword" },
				"north": { "uv": [ 1.25, 8.5, 0, 9.75 ], "texture": "#diamond_sword" },
				"south": { "uv": [ 1.75, 14.75, 3, 16 ], "texture": "#diamond_sword" },
				"west": { "uv": [ 1.5, 8.5, 1.75, 9.75 ], "texture": "#diamond_sword" },
				"east": { "uv": [ 1.5, 8.5, 1.25, 9.75 ], "texture": "#diamond_sword" }
			}
		},
		{
			"__comment": "Voxels",
			"from": [ 5, 8, 15 ],
			"to": [ 10, 11, 16 ],
			"faces": {
				"down": { "uv": [ 12.5, 14.25, 13.75, 14.5 ], "texture": "#diamond_sword" },
				"up": { "uv": [ 10.25, 14.25, 11.5, 14 ], "texture": "#diamond_sword" },
				"north": { "uv": [ 3, 13.25, 1.75, 14 ], "texture": "#diamond_sword" },
				"south": { "uv": [ 3, 12.25, 4.25, 13 ], "texture": "#diamond_sword" },
				"west": { "uv": [ 4.25, 12.25, 4.5, 13 ], "texture": "#diamond_sword" },
				"east": { "uv": [ 4.75, 12.25, 4.5, 13 ], "texture": "#diamond_sword" }
			}
		},
		{
			"__comment": "Voxels",
			"from": [ 5, 8, 17 ],
			"to": [ 10, 11, 18 ],
			"faces": {
				"down": { "uv": [ 14, 14, 15.25, 14.25 ], "texture": "#diamond_sword" },
				"up": { "uv": [ 11.5, 14, 12.75, 13.75 ], "texture": "#diamond_sword" },
				"north": { "uv": [ 3, 11.75, 1.75, 12.5 ], "texture": "#diamond_sword" },
				"south": { "uv": [ 1.75, 11, 3, 11.75 ], "texture": "#diamond_sword" },
				"west": { "uv": [ 4.25, 8, 4.5, 8.75 ], "texture": "#diamond_sword" },
				"east": { "uv": [ 4.75, 8, 4.5, 8.75 ], "texture": "#diamond_sword" }
			}
		},
		{
			"__comment": "Voxels",
			"from": [ 5, 8, 24 ],
			"to": [ 10, 11, 27 ],
			"faces": {
				"down": { "uv": [ 1.75, 8, 3, 8.75 ], "texture": "#diamond_sword" },
				"up": { "uv": [ 3, 14.5, 4.25, 13.75 ], "texture": "#diamond_sword" },
				"north": { "uv": [ 4.25, 13, 3, 13.75 ], "texture": "#diamond_sword" },
				"south": { "uv": [ 1.75, 14, 3, 14.75 ], "texture": "#diamond_sword" },
				"west": { "uv": [ 8.25, 12.5, 9, 13.25 ], "texture": "#diamond_sword" },
				"east": { "uv": [ 9, 13.25, 8.25, 14 ], "texture": "#diamond_sword" }
			}
		},
		{
			"__comment": "Voxels",
			"from": [ 5, 9, 3 ],
			"to": [ 10, 10, 5 ],
			"faces": {
				"down": { "uv": [ 4.75, 12, 6, 12.5 ], "texture": "#diamond_sword" },
				"up": { "uv": [ 6, 12.5, 7.25, 12 ], "texture": "#diamond_sword" },
				"north": { "uv": [ 15.75, 14.75, 14.5, 15 ], "texture": "#diamond_sword" },
				"south": { "uv": [ 14.5, 14.5, 15.75, 14.75 ], "texture": "#diamond_sword" },
				"west": { "uv": [ 9.75, 8.75, 10.25, 9 ], "texture": "#diamond_sword" },
				"east": { "uv": [ 10.25, 8.5, 9.75, 8.75 ], "texture": "#diamond_sword" }
			}
		},
		{
			"__comment": "Voxels",
			"from": [ 5, 9, 23 ],
			"to": [ 10, 10, 24 ],
			"faces": {
				"down": { "uv": [ 13.75, 14.25, 15, 14.5 ], "texture": "#diamond_sword" },
				"up": { "uv": [ 9, 14.25, 10.25, 14 ], "texture": "#diamond_sword" },
				"north": { "uv": [ 4.25, 8, 3, 8.25 ], "texture": "#diamond_sword" },
				"south": { "uv": [ 11.5, 14, 12.75, 14.25 ], "texture": "#diamond_sword" },
				"west": { "uv": [ 15.75, 15.75, 16, 16 ], "texture": "#diamond_sword" },
				"east": { "uv": [ 16, 15.5, 15.75, 15.75 ], "texture": "#diamond_sword" }
			}
		},
		{
			"__comment": "Voxels",
			"from": [ 5, 9, 27 ],
			"to": [ 10, 10, 29 ],
			"faces": {
				"down": { "uv": [ 4.75, 10.5, 6, 11 ], "texture": "#diamond_sword" },
				"up": { "uv": [ 3, 8.75, 4.25, 8.25 ], "texture": "#diamond_sword" },
				"north": { "uv": [ 10.25, 13.75, 9, 14 ], "texture": "#diamond_sword" },
				"south": { "uv": [ 10.25, 13.75, 11.5, 14 ], "texture": "#diamond_sword" },
				"west": { "uv": [ 12.5, 12, 13, 12.25 ], "texture": "#diamond_sword" },
				"east": { "uv": [ 13.5, 12, 13, 12.25 ], "texture": "#diamond_sword" }
			}
		},
		{
			"__comment": "Voxels",
			"from": [ 5, 10, 0 ],
			"to": [ 10, 12, 3 ],
			"faces": {
				"down": { "uv": [ 1.75, 10.25, 3, 11 ], "texture": "#diamond_sword" },
				"up": { "uv": [ 1.75, 13.25, 3, 12.5 ], "texture": "#diamond_sword" },
				"north": { "uv": [ 6, 12.5, 4.75, 13 ], "texture": "#diamond_sword" },
				"south": { "uv": [ 6, 12.5, 7.25, 13 ], "texture": "#diamond_sword" },
				"west": { "uv": [ 8.25, 9, 9, 9.5 ], "texture": "#diamond_sword" },
				"east": { "uv": [ 9, 8.5, 8.25, 9 ], "texture": "#diamond_sword" }
			}
		},
		{
			"__comment": "Voxels",
			"from": [ 5, 11, -5 ],
			"to": [ 10, 12, -4 ],
			"faces": {
				"down": { "uv": [ 14, 13.75, 15.25, 14 ], "texture": "#diamond_sword" },
				"up": { "uv": [ 9, 13.25, 10.25, 13 ], "texture": "#diamond_sword" },
				"north": { "uv": [ 10.25, 12.75, 9, 13 ], "texture": "#diamond_sword" },
				"south": { "uv": [ 9, 11.5, 10.25, 11.75 ], "texture": "#diamond_sword" },
				"west": { "uv": [ 15.75, 15.25, 16, 15.5 ], "texture": "#diamond_sword" },
				"east": { "uv": [ 16, 15, 15.75, 15.25 ], "texture": "#diamond_sword" }
			}
		},
		{
			"__comment": "Voxels",
			"from": [ 5, 12, -3 ],
			"to": [ 10, 13, -1 ],
			"faces": {
				"down": { "uv": [ 6, 11.5, 7.25, 12 ], "texture": "#diamond_sword" },
				"up": { "uv": [ 4.75, 12, 6, 11.5 ], "texture": "#diamond_sword" },
				"north": { "uv": [ 14, 14, 12.75, 14.25 ], "texture": "#diamond_sword" },
				"south": { "uv": [ 12.75, 13.75, 14, 14 ], "texture": "#diamond_sword" },
				"west": { "uv": [ 4.25, 9.5, 4.75, 9.75 ], "texture": "#diamond_sword" },
				"east": { "uv": [ 4.75, 8.75, 4.25, 9 ], "texture": "#diamond_sword" }
			}
		},
		{
			"__comment": "Voxels",
			"from": [ 6, 6, -4 ],
			"to": [ 9, 7, -3 ],
			"faces": {
				"down": { "uv": [ 11.75, 13.5, 12.5, 13.75 ], "texture": "#diamond_sword" },
				"up": { "uv": [ 12.5, 13.75, 13.25, 13.5 ], "texture": "#diamond_sword" },
				"north": { "uv": [ 14, 13.5, 13.25, 13.75 ], "texture": "#diamond_sword" },
				"south": { "uv": [ 14, 13.5, 14.75, 13.75 ], "texture": "#diamond_sword" },
				"west": { "uv": [ 15.75, 14.75, 16, 15 ], "texture": "#diamond_sword" },
				"east": { "uv": [ 16, 14.5, 15.75, 14.75 ], "texture": "#diamond_sword" }
			}
		},
		{
			"__comment": "Voxels",
			"from": [ 6, 6, -1 ],
			"to": [ 9, 7, 0 ],
			"faces": {
				"down": { "uv": [ 14.75, 13.5, 15.5, 13.75 ], "texture": "#diamond_sword" },
				"up": { "uv": [ 10.5, 13.5, 11.25, 13.25 ], "texture": "#diamond_sword" },
				"north": { "uv": [ 12, 13.25, 11.25, 13.5 ], "texture": "#diamond_sword" },
				"south": { "uv": [ 12, 13.25, 12.75, 13.5 ], "texture": "#diamond_sword" },
				"west": { "uv": [ 15.75, 14.25, 16, 14.5 ], "texture": "#diamond_sword" },
				"east": { "uv": [ 10.5, 8, 10.25, 8.25 ], "texture": "#diamond_sword" }
			}
		},
		{
			"__comment": "Voxels",
			"from": [ 6, 7, 15 ],
			"to": [ 9, 8, 16 ],
			"faces": {
				"down": { "uv": [ 12.75, 13.25, 13.5, 13.5 ], "texture": "#diamond_sword" },
				"up": { "uv": [ 13.5, 13.5, 14.25, 13.25 ], "texture": "#diamond_sword" },
				"north": { "uv": [ 15, 13.25, 14.25, 13.5 ], "texture": "#diamond_sword" },
				"south": { "uv": [ 15, 13.25, 15.75, 13.5 ], "texture": "#diamond_sword" },
				"west": { "uv": [ 15.75, 13.25, 16, 13.5 ], "texture": "#diamond_sword" },
				"east": { "uv": [ 16, 13, 15.75, 13.25 ], "texture": "#diamond_sword" }
			}
		},
		{
			"__comment": "Voxels",
			"from": [ 6, 7, 17 ],
			"to": [ 9, 8, 18 ],
			"faces": {
				"down": { "uv": [ 10.5, 13, 11.25, 13.25 ], "texture": "#diamond_sword" },
				"up": { "uv": [ 11.25, 13.25, 12, 13 ], "texture": "#diamond_sword" },
				"north": { "uv": [ 12.75, 13, 12, 13.25 ], "texture": "#diamond_sword" },
				"south": { "uv": [ 12.75, 13, 13.5, 13.25 ], "texture": "#diamond_sword" },
				"west": { "uv": [ 15.5, 12, 15.75, 12.25 ], "texture": "#diamond_sword" },
				"east": { "uv": [ 16, 12, 15.75, 12.25 ], "texture": "#diamond_sword" }
			}
		},
		{
			"__comment": "Voxels",
			"from": [ 6, 7, 25 ],
			"to": [ 9, 8, 26 ],
			"faces": {
				"down": { "uv": [ 13.5, 13, 14.25, 13.25 ], "texture": "#diamond_sword" },
				"up": { "uv": [ 14.25, 13.25, 15, 13 ], "texture": "#diamond_sword" },
				"north": { "uv": [ 9.75, 9.25, 9, 9.5 ], "texture": "#diamond_sword" },
				"south": { "uv": [ 15, 13, 15.75, 13.25 ], "texture": "#diamond_sword" },
				"west": { "uv": [ 12, 10, 12.25, 10.25 ], "texture": "#diamond_sword" },
				"east": { "uv": [ 12.25, 9.75, 12, 10 ], "texture": "#diamond_sword" }
			}
		},
		{
			"__comment": "Voxels",
			"from": [ 6, 8, -6 ],
			"to": [ 9, 11, -5 ],
			"faces": {
				"down": { "uv": [ 10.75, 12.75, 11.5, 13 ], "texture": "#diamond_sword" },
				"up": { "uv": [ 11.5, 13, 12.25, 12.75 ], "texture": "#diamond_sword" },
				"north": { "uv": [ 7, 8.25, 6.25, 9 ], "texture": "#diamond_sword" },
				"south": { "uv": [ 7, 8.25, 7.75, 9 ], "texture": "#diamond_sword" },
				"west": { "uv": [ 10.5, 9.25, 10.75, 10 ], "texture": "#diamond_sword" },
				"east": { "uv": [ 10.75, 8.5, 10.5, 9.25 ], "texture": "#diamond_sword" }
			}
		},
		{
			"__comment": "Voxels",
			"from": [ 6, 8, 3 ],
			"to": [ 9, 9, 5 ],
			"faces": {
				"down": { "uv": [ 8.25, 11, 9, 11.5 ], "texture": "#diamond_sword" },
				"up": { "uv": [ 8.25, 11, 9, 10.5 ], "texture": "#diamond_sword" },
				"north": { "uv": [ 13, 12.75, 12.25, 13 ], "texture": "#diamond_sword" },
				"south": { "uv": [ 13, 12.75, 13.75, 13 ], "texture": "#diamond_sword" },
				"west": { "uv": [ 15.5, 13.5, 16, 13.75 ], "texture": "#diamond_sword" },
				"east": { "uv": [ 16, 12.25, 15.5, 12.5 ], "texture": "#diamond_sword" }
			}
		},
		{
			"__comment": "Voxels",
			"from": [ 6, 8, 14 ],
			"to": [ 9, 11, 15 ],
			"faces": {
				"down": { "uv": [ 15.25, 12.75, 16, 13 ], "texture": "#diamond_sword" },
				"up": { "uv": [ 10.75, 12.75, 11.5, 12.5 ], "texture": "#diamond_sword" },
				"north": { "uv": [ 9, 14.75, 8.25, 15.5 ], "texture": "#diamond_sword" },
				"south": { "uv": [ 8.25, 14, 9, 14.75 ], "texture": "#diamond_sword" },
				"west": { "uv": [ 10.75, 11.75, 11, 12.5 ], "texture": "#diamond_sword" },
				"east": { "uv": [ 11, 11, 10.75, 11.75 ], "texture": "#diamond_sword" }
			}
		},
		{
			"__comment": "Voxels",
			"from": [ 6, 8, 18 ],
			"to": [ 9, 11, 19 ],
			"faces": {
				"down": { "uv": [ 11.5, 12.5, 12.25, 12.75 ], "texture": "#diamond_sword" },
				"up": { "uv": [ 12.25, 12.75, 13, 12.5 ], "texture": "#diamond_sword" },
				"north": { "uv": [ 5.5, 8.25, 4.75, 9 ], "texture": "#diamond_sword" },
				"south": { "uv": [ 5.5, 8.25, 6.25, 9 ], "texture": "#diamond_sword" },
				"west": { "uv": [ 10.75, 10.25, 11, 11 ], "texture": "#diamond_sword" },
				"east": { "uv": [ 11, 9.5, 10.75, 10.25 ], "texture": "#diamond_sword" }
			}
		},
		{
			"__comment": "Voxels",
			"from": [ 6, 8, 23 ],
			"to": [ 9, 9, 24 ],
			"faces": {
				"down": { "uv": [ 13, 12.5, 13.75, 12.75 ], "texture": "#diamond_sword" },
				"up": { "uv": [ 13.75, 12.75, 14.5, 12.5 ], "texture": "#diamond_sword" },
				"north": { "uv": [ 15.25, 12.5, 14.5, 12.75 ], "texture": "#diamond_sword" },
				"south": { "uv": [ 15.25, 12.5, 16, 12.75 ], "texture": "#diamond_sword" },
				"west": { "uv": [ 12, 9.5, 12.25, 9.75 ], "texture": "#diamond_sword" },
				"east": { "uv": [ 12.25, 9.25, 12, 9.5 ], "texture": "#diamond_sword" }
			}
		},
		{
			"__comment": "Voxels",
			"from": [ 6, 8, 27 ],
			"to": [ 9, 9, 29 ],
			"faces": {
				"down": { "uv": [ 8.25, 10, 9, 10.5 ], "texture": "#diamond_sword" },
				"up": { "uv": [ 8.25, 10, 9, 9.5 ], "texture": "#diamond_sword" },
				"north": { "uv": [ 13.25, 12.25, 12.5, 12.5 ], "texture": "#diamond_sword" },
				"south": { "uv": [ 13.25, 12.25, 14, 12.5 ], "texture": "#diamond_sword" },
				"west": { "uv": [ 7.5, 13.75, 8, 14 ], "texture": "#diamond_sword" },
				"east": { "uv": [ 8, 13.5, 7.5, 13.75 ], "texture": "#diamond_sword" }
			}
		},
		{
			"__comment": "Voxels",
			"from": [ 6, 9, -7 ],
			"to": [ 9, 10, -6 ],
			"faces": {
				"down": { "uv": [ 14, 12.25, 14.75, 12.5 ], "texture": "#diamond_sword" },
				"up": { "uv": [ 14.75, 12.5, 15.5, 12.25 ], "texture": "#diamond_sword" },
				"north": { "uv": [ 11.75, 12, 11, 12.25 ], "texture": "#diamond_sword" },
				"south": { "uv": [ 11, 11.75, 11.75, 12 ], "texture": "#diamond_sword" },
				"west": { "uv": [ 12, 9, 12.25, 9.25 ], "texture": "#diamond_sword" },
				"east": { "uv": [ 12.25, 8.75, 12, 9 ], "texture": "#diamond_sword" }
			}
		},
		{
			"__comment": "Voxels",
			"from": [ 6, 9, 5 ],
			"to": [ 9, 10, 14 ],
			"faces": {
				"down": { "uv": [ 0, 9.75, 0.75, 12 ], "texture": "#diamond_sword" },
				"up": { "uv": [ 0.75, 12, 1.5, 9.75 ], "texture": "#diamond_sword" },
				"north": { "uv": [ 11.75, 10.75, 11, 11 ], "texture": "#diamond_sword" },
				"south": { "uv": [ 11, 10.5, 11.75, 10.75 ], "texture": "#diamond_sword" },
				"west": { "uv": [ 13.5, 15.25, 15.75, 15.5 ], "texture": "#diamond_sword" },
				"east": { "uv": [ 11.25, 15, 9, 15.25 ], "texture": "#diamond_sword" }
			}
		},
		{
			"__comment": "Voxels",
			"from": [ 6, 9, 19 ],
			"to": [ 9, 10, 23 ],
			"faces": {
				"down": { "uv": [ 3.75, 9.75, 4.5, 10.75 ], "texture": "#diamond_sword" },
				"up": { "uv": [ 3, 10.75, 3.75, 9.75 ], "texture": "#diamond_sword" },
				"north": { "uv": [ 11.75, 10.25, 11, 10.5 ], "texture": "#diamond_sword" },
				"south": { "uv": [ 11, 10, 11.75, 10.25 ], "texture": "#diamond_sword" },
				"west": { "uv": [ 7, 9.5, 8, 9.75 ], "texture": "#diamond_sword" },
				"east": { "uv": [ 8, 9.25, 7, 9.5 ], "texture": "#diamond_sword" }
			}
		},
		{
			"__comment": "Voxels",
			"from": [ 6, 9, 29 ],
			"to": [ 9, 10, 30 ],
			"faces": {
				"down": { "uv": [ 11.75, 12.25, 12.5, 12.5 ], "texture": "#diamond_sword" },
				"up": { "uv": [ 11, 12.5, 11.75, 12.25 ], "texture": "#diamond_sword" },
				"north": { "uv": [ 15.25, 12.75, 14.5, 13 ], "texture": "#diamond_sword" },
				"south": { "uv": [ 13.75, 12.75, 14.5, 13 ], "texture": "#diamond_sword" },
				"west": { "uv": [ 12.25, 9.5, 12.5, 9.75 ], "texture": "#diamond_sword" },
				"east": { "uv": [ 12.5, 9.75, 12.25, 10 ], "texture": "#diamond_sword" }
			}
		},
		{
			"__comment": "Voxels",
			"from": [ 6, 10, 3 ],
			"to": [ 9, 11, 5 ],
			"faces": {
				"down": { "uv": [ 8.25, 12, 9, 12.5 ], "texture": "#diamond_sword" },
				"up": { "uv": [ 8.25, 12, 9, 11.5 ], "texture": "#diamond_sword" },
				"north": { "uv": [ 11.75, 8, 11, 8.25 ], "texture": "#diamond_sword" },
				"south": { "uv": [ 11.75, 12, 12.5, 12.25 ], "texture": "#diamond_sword" },
				"west": { "uv": [ 7.5, 13, 8, 13.25 ], "texture": "#diamond_sword" },
				"east": { "uv": [ 10.25, 9.75, 9.75, 10 ], "texture": "#diamond_sword" }
			}
		},
		{
			"__comment": "Voxels",
			"from": [ 6, 10, 23 ],
			"to": [ 9, 11, 24 ],
			"faces": {
				"down": { "uv": [ 11, 9, 11.75, 9.25 ], "texture": "#diamond_sword" },
				"up": { "uv": [ 11, 9, 11.75, 8.75 ], "texture": "#diamond_sword" },
				"north": { "uv": [ 11.75, 8.5, 11, 8.75 ], "texture": "#diamond_sword" },
				"south": { "uv": [ 11, 8.25, 11.75, 8.5 ], "texture": "#diamond_sword" },
				"west": { "uv": [ 12, 8.5, 12.25, 8.75 ], "texture": "#diamond_sword" },
				"east": { "uv": [ 12.25, 8.25, 12, 8.5 ], "texture": "#diamond_sword" }
			}
		},
		{
			"__comment": "Voxels",
			"from": [ 6, 10, 27 ],
			"to": [ 9, 11, 29 ],
			"faces": {
				"down": { "uv": [ 7.25, 12.5, 8, 13 ], "texture": "#diamond_sword" },
				"up": { "uv": [ 7.25, 12.5, 8, 12 ], "texture": "#diamond_sword" },
				"north": { "uv": [ 5.5, 8, 4.75, 8.25 ], "texture": "#diamond_sword" },
				"south": { "uv": [ 5.5, 8, 6.25, 8.25 ], "texture": "#diamond_sword" },
				"west": { "uv": [ 4.25, 9, 4.75, 9.25 ], "texture": "#diamond_sword" },
				"east": { "uv": [ 10.25, 9, 9.75, 9.25 ], "texture": "#diamond_sword" }
			}
		},
		{
			"__comment": "Voxels",
			"from": [ 6, 11, 15 ],
			"to": [ 9, 12, 16 ],
			"faces": {
				"down": { "uv": [ 6.25, 8, 7, 8.25 ], "texture": "#diamond_sword" },
				"up": { "uv": [ 7, 8.25, 7.75, 8 ], "texture": "#diamond_sword" },
				"north": { "uv": [ 15.75, 15.75, 15, 16 ], "texture": "#diamond_sword" },
				"south": { "uv": [ 15, 15.5, 15.75, 15.75 ], "texture": "#diamond_sword" },
				"west": { "uv": [ 12.25, 11.75, 12.5, 12 ], "texture": "#diamond_sword" },
				"east": { "uv": [ 12.75, 11.75, 12.5, 12 ], "texture": "#diamond_sword" }
			}
		},
		{
			"__comment": "Voxels",
			"from": [ 6, 11, 17 ],
			"to": [ 9, 12, 18 ],
			"faces": {
				"down": { "uv": [ 15, 14.25, 15.75, 14.5 ], "texture": "#diamond_sword" },
				"up": { "uv": [ 15.25, 14.25, 16, 14 ], "texture": "#diamond_sword" },
				"north": { "uv": [ 16, 13.75, 15.25, 14 ], "texture": "#diamond_sword" },
				"south": { "uv": [ 9.5, 10.75, 10.25, 11 ], "texture": "#diamond_sword" },
				"west": { "uv": [ 14.25, 11, 14.5, 11.25 ], "texture": "#diamond_sword" },
				"east": { "uv": [ 14.25, 11, 14, 11.25 ], "texture": "#diamond_sword" }
			}
		},
		{
			"__comment": "Voxels",
			"from": [ 6, 11, 25 ],
			"to": [ 9, 12, 26 ],
			"faces": {
				"down": { "uv": [ 9.5, 10.5, 10.25, 10.75 ], "texture": "#diamond_sword" },
				"up": { "uv": [ 9.5, 10.5, 10.25, 10.25 ], "texture": "#diamond_sword" },
				"north": { "uv": [ 10.25, 10, 9.5, 10.25 ], "texture": "#diamond_sword" },
				"south": { "uv": [ 9, 9.75, 9.75, 10 ], "texture": "#diamond_sword" },
				"west": { "uv": [ 13.25, 11, 13.5, 11.25 ], "texture": "#diamond_sword" },
				"east": { "uv": [ 13.25, 11, 13, 11.25 ], "texture": "#diamond_sword" }
			}
		},
		{
			"__comment": "Voxels",
			"from": [ 6, 12, -4 ],
			"to": [ 9, 13, -3 ],
			"faces": {
				"down": { "uv": [ 9, 9.5, 9.75, 9.75 ], "texture": "#diamond_sword" },
				"up": { "uv": [ 9, 9.25, 9.75, 9 ], "texture": "#diamond_sword" },
				"north": { "uv": [ 9.75, 8.75, 9, 9 ], "texture": "#diamond_sword" },
				"south": { "uv": [ 9, 8.5, 9.75, 8.75 ], "texture": "#diamond_sword" },
				"west": { "uv": [ 12.75, 11, 13, 11.25 ], "texture": "#diamond_sword" },
				"east": { "uv": [ 12.75, 8, 12.5, 8.25 ], "texture": "#diamond_sword" }
			}
		},
		{
			"__comment": "Voxels",
			"from": [ 6, 12, -1 ],
			"to": [ 9, 13, 0 ],
			"faces": {
				"down": { "uv": [ 9, 8.25, 9.75, 8.5 ], "texture": "#diamond_sword" },
				"up": { "uv": [ 9, 8.25, 9.75, 8 ], "texture": "#diamond_sword" },
				"north": { "uv": [ 11, 13.5, 10.25, 13.75 ], "texture": "#diamond_sword" },
				"south": { "uv": [ 11, 13.5, 11.75, 13.75 ], "texture": "#diamond_sword" },
				"west": { "uv": [ 13.25, 11.25, 13.5, 11.5 ], "texture": "#diamond_sword" },
				"east": { "uv": [ 13.25, 11.25, 13, 11.5 ], "texture": "#diamond_sword" }
			}
		},
		{
			"__comment": "Voxels",
			"from": [ 7, 3, -4 ],
			"to": [ 8, 6, -3 ],
			"faces": {
				"down": { "uv": [ 12.25, 8, 12.5, 8.25 ], "texture": "#diamond_sword" },
				"up": { "uv": [ 12.25, 8.5, 12.5, 8.25 ], "texture": "#diamond_sword" },
				"north": { "uv": [ 8, 8.25, 7.75, 9 ], "texture": "#diamond_sword" },
				"south": { "uv": [ 10.25, 12.75, 10.5, 13.5 ], "texture": "#diamond_sword" },
				"west": { "uv": [ 10.25, 12, 10.5, 12.75 ], "texture": "#diamond_sword" },
				"east": { "uv": [ 10.5, 11.25, 10.25, 12 ], "texture": "#diamond_sword" }
			}
		},
		{
			"__comment": "Voxels",
			"from": [ 7, 3, -2 ],
			"to": [ 8, 6, -1 ],
			"faces": {
				"down": { "uv": [ 12.25, 8.75, 12.5, 9 ], "texture": "#diamond_sword" },
				"up": { "uv": [ 12.25, 8.75, 12.5, 8.5 ], "texture": "#diamond_sword" },
				"north": { "uv": [ 10.5, 10.5, 10.25, 11.25 ], "texture": "#diamond_sword" },
				"south": { "uv": [ 10.25, 9.75, 10.5, 10.5 ], "texture": "#diamond_sword" },
				"west": { "uv": [ 10.25, 9, 10.5, 9.75 ], "texture": "#diamond_sword" },
				"east": { "uv": [ 10.5, 8.25, 10.25, 9 ], "texture": "#diamond_sword" }
			}
		},
		{
			"__comment": "Voxels",
			"from": [ 7, 4, 0 ],
			"to": [ 8, 7, 1 ],
			"faces": {
				"down": { "uv": [ 12.5, 9, 12.75, 9.25 ], "texture": "#diamond_sword" },
				"up": { "uv": [ 12.5, 9, 12.75, 8.75 ], "texture": "#diamond_sword" },
				"north": { "uv": [ 10.75, 12.25, 10.5, 13 ], "texture": "#diamond_sword" },
				"south": { "uv": [ 10.5, 11.5, 10.75, 12.25 ], "texture": "#diamond_sword" },
				"west": { "uv": [ 10.5, 10.75, 10.75, 11.5 ], "texture": "#diamond_sword" },
				"east": { "uv": [ 10.75, 10, 10.5, 10.75 ], "texture": "#diamond_sword" }
			}
		},
		{
			"__comment": "Voxels",
			"from": [ 7, 5, -3 ],
			"to": [ 8, 6, -2 ],
			"faces": {
				"down": { "uv": [ 13, 10, 13.25, 10.25 ], "texture": "#diamond_sword" },
				"up": { "uv": [ 13, 10, 13.25, 9.75 ], "texture": "#diamond_sword" },
				"north": { "uv": [ 13.25, 9.5, 13, 9.75 ], "texture": "#diamond_sword" },
				"south": { "uv": [ 13, 9.25, 13.25, 9.5 ], "texture": "#diamond_sword" },
				"west": { "uv": [ 14, 10.5, 14.25, 10.75 ], "texture": "#diamond_sword" },
				"east": { "uv": [ 14.5, 10.5, 14.25, 10.75 ], "texture": "#diamond_sword" }
			}
		},
		{
			"__comment": "Voxels",
			"from": [ 7, 5, -1 ],
			"to": [ 8, 6, 0 ],
			"faces": {
				"down": { "uv": [ 14.5, 10.5, 14.75, 10.75 ], "texture": "#diamond_sword" },
				"up": { "uv": [ 14.75, 10.75, 15, 10.5 ], "texture": "#diamond_sword" },
				"north": { "uv": [ 15.25, 10.5, 15, 10.75 ], "texture": "#diamond_sword" },
				"south": { "uv": [ 15.25, 10.5, 15.5, 10.75 ], "texture": "#diamond_sword" },
				"west": { "uv": [ 13.25, 10.25, 13.5, 10.5 ], "texture": "#diamond_sword" },
				"east": { "uv": [ 13.5, 10, 13.25, 10.25 ], "texture": "#diamond_sword" }
			}
		},
		{
			"__comment": "Voxels",
			"from": [ 7, 5, 2 ],
			"to": [ 8, 7, 3 ],
			"faces": {
				"down": { "uv": [ 12.75, 11.75, 13, 12 ], "texture": "#diamond_sword" },
				"up": { "uv": [ 13, 12, 13.25, 11.75 ], "texture": "#diamond_sword" },
				"north": { "uv": [ 10, 8, 9.75, 8.5 ], "texture": "#diamond_sword" },
				"south": { "uv": [ 10, 8, 10.25, 8.5 ], "texture": "#diamond_sword" },
				"west": { "uv": [ 10.5, 8, 10.75, 8.5 ], "texture": "#diamond_sword" },
				"east": { "uv": [ 12, 11.5, 11.75, 12 ], "texture": "#diamond_sword" }
			}
		},
		{
			"__comment": "Voxels",
			"from": [ 7, 6, -5 ],
			"to": [ 8, 7, -4 ],
			"faces": {
				"down": { "uv": [ 13.25, 11.75, 13.5, 12 ], "texture": "#diamond_sword" },
				"up": { "uv": [ 13.5, 12, 13.75, 11.75 ], "texture": "#diamond_sword" },
				"north": { "uv": [ 14, 11.75, 13.75, 12 ], "texture": "#diamond_sword" },
				"south": { "uv": [ 14, 11.75, 14.25, 12 ], "texture": "#diamond_sword" },
				"west": { "uv": [ 14.25, 11.75, 14.5, 12 ], "texture": "#diamond_sword" },
				"east": { "uv": [ 14.75, 11.75, 14.5, 12 ], "texture": "#diamond_sword" }
			}
		},
		{
			"__comment": "Voxels",
			"from": [ 7, 6, 1 ],
			"to": [ 8, 7, 2 ],
			"faces": {
				"down": { "uv": [ 14.75, 11.75, 15, 12 ], "texture": "#diamond_sword" },
				"up": { "uv": [ 15, 12, 15.25, 11.75 ], "texture": "#diamond_sword" },
				"north": { "uv": [ 15.5, 11.75, 15.25, 12 ], "texture": "#diamond_sword" },
				"south": { "uv": [ 15.5, 11.75, 15.75, 12 ], "texture": "#diamond_sword" },
				"west": { "uv": [ 15.75, 11.75, 16, 12 ], "texture": "#diamond_sword" },
				"east": { "uv": [ 12.5, 11.5, 12.25, 11.75 ], "texture": "#diamond_sword" }
			}
		},
		{
			"__comment": "Voxels",
			"from": [ 7, 7, 3 ],
			"to": [ 8, 8, 4 ],
			"faces": {
				"down": { "uv": [ 12.5, 11.5, 12.75, 11.75 ], "texture": "#diamond_sword" },
				"up": { "uv": [ 12.75, 11.75, 13, 11.5 ], "texture": "#diamond_sword" },
				"north": { "uv": [ 13.25, 11.5, 13, 11.75 ], "texture": "#diamond_sword" },
				"south": { "uv": [ 13.25, 11.5, 13.5, 11.75 ], "texture": "#diamond_sword" },
				"west": { "uv": [ 13.5, 11.5, 13.75, 11.75 ], "texture": "#diamond_sword" },
				"east": { "uv": [ 14, 11.5, 13.75, 11.75 ], "texture": "#diamond_sword" }
			}
		},
		{
			"__comment": "Voxels",
			"from": [ 7, 7, 24 ],
			"to": [ 8, 8, 25 ],
			"faces": {
				"down": { "uv": [ 14, 11.5, 14.25, 11.75 ], "texture": "#diamond_sword" },
				"up": { "uv": [ 14.25, 11.75, 14.5, 11.5 ], "texture": "#diamond_sword" },
				"north": { "uv": [ 14.75, 11.5, 14.5, 11.75 ], "texture": "#diamond_sword" },
				"south": { "uv": [ 14.75, 11.5, 15, 11.75 ], "texture": "#diamond_sword" },
				"west": { "uv": [ 15, 11.5, 15.25, 11.75 ], "texture": "#diamond_sword" },
				"east": { "uv": [ 15.5, 11.5, 15.25, 11.75 ], "texture": "#diamond_sword" }
			}
		},
		{
			"__comment": "Voxels",
			"from": [ 7, 7, 26 ],
			"to": [ 8, 8, 28 ],
			"faces": {
				"down": { "uv": [ 11.75, 11, 12, 11.5 ], "texture": "#diamond_sword" },
				"up": { "uv": [ 11.75, 11, 12, 10.5 ], "texture": "#diamond_sword" },
				"north": { "uv": [ 15.75, 11.5, 15.5, 11.75 ], "texture": "#diamond_sword" },
				"south": { "uv": [ 15.75, 11.5, 16, 11.75 ], "texture": "#diamond_sword" },
				"west": { "uv": [ 4.25, 9.25, 4.75, 9.5 ], "texture": "#diamond_sword" },
				"east": { "uv": [ 8, 13.25, 7.5, 13.5 ], "texture": "#diamond_sword" }
			}
		},
		{
			"__comment": "Voxels",
			"from": [ 7, 8, -7 ],
			"to": [ 8, 9, -6 ],
			"faces": {
				"down": { "uv": [ 12.25, 11.25, 12.5, 11.5 ], "texture": "#diamond_sword" },
				"up": { "uv": [ 12.25, 11.25, 12.5, 11 ], "texture": "#diamond_sword" },
				"north": { "uv": [ 12.5, 10.75, 12.25, 11 ], "texture": "#diamond_sword" },
				"south": { "uv": [ 12.25, 10.5, 12.5, 10.75 ], "texture": "#diamond_sword" },
				"west": { "uv": [ 12.25, 10.25, 12.5, 10.5 ], "texture": "#diamond_sword" },
				"east": { "uv": [ 12.5, 10, 12.25, 10.25 ], "texture": "#diamond_sword" }
			}
		},
		{
			"__comment": "Voxels",
			"from": [ 7, 8, 5 ],
			"to": [ 8, 9, 14 ],
			"faces": {
				"down": { "uv": [ 8, 13.75, 8.25, 16 ], "texture": "#diamond_sword" },
				"up": { "uv": [ 1.5, 12, 1.75, 9.75 ], "texture": "#diamond_sword" },
				"north": { "uv": [ 12.5, 9.25, 12.25, 9.5 ], "texture": "#diamond_sword" },
				"south": { "uv": [ 12.25, 9, 12.5, 9.25 ], "texture": "#diamond_sword" },
				"west": { "uv": [ 12.75, 15.75, 15, 16 ], "texture": "#diamond_sword" },
				"east": { "uv": [ 12.75, 15.75, 10.5, 16 ], "texture": "#diamond_sword" }
			}
		},
		{
			"__comment": "Voxels",
			"from": [ 7, 8, 19 ],
			"to": [ 8, 9, 23 ],
			"faces": {
				"down": { "uv": [ 8, 8.25, 8.25, 9.25 ], "texture": "#diamond_sword" },
				"up": { "uv": [ 4.5, 10.75, 4.75, 9.75 ], "texture": "#diamond_sword" },
				"north": { "uv": [ 12.75, 11.25, 12.5, 11.5 ], "texture": "#diamond_sword" },
				"south": { "uv": [ 12.75, 11.25, 13, 11.5 ], "texture": "#diamond_sword" },
				"west": { "uv": [ 7, 10.25, 8, 10.5 ], "texture": "#diamond_sword" },
				"east": { "uv": [ 8, 9, 7, 9.25 ], "texture": "#diamond_sword" }
			}
		},
		{
			"__comment": "Voxels",
			"from": [ 7, 8, 29 ],
			"to": [ 8, 9, 30 ],
			"faces": {
				"down": { "uv": [ 13.5, 11.25, 13.75, 11.5 ], "texture": "#diamond_sword" },
				"up": { "uv": [ 13.75, 11.5, 14, 11.25 ], "texture": "#diamond_sword" },
				"north": { "uv": [ 14.25, 11.25, 14, 11.5 ], "texture": "#diamond_sword" },
				"south": { "uv": [ 14.25, 11.25, 14.5, 11.5 ], "texture": "#diamond_sword" },
				"west": { "uv": [ 14.5, 11.25, 14.75, 11.5 ], "texture": "#diamond_sword" },
				"east": { "uv": [ 15, 11.25, 14.75, 11.5 ], "texture": "#diamond_sword" }
			}
		},
		{
			"__comment": "Voxels",
			"from": [ 7, 9, -8 ],
			"to": [ 8, 10, -7 ],
			"faces": {
				"down": { "uv": [ 15, 11.25, 15.25, 11.5 ], "texture": "#diamond_sword" },
				"up": { "uv": [ 15.25, 11.5, 15.5, 11.25 ], "texture": "#diamond_sword" },
				"north": { "uv": [ 15.75, 11.25, 15.5, 11.5 ], "texture": "#diamond_sword" },
				"south": { "uv": [ 15.75, 11.25, 16, 11.5 ], "texture": "#diamond_sword" },
				"west": { "uv": [ 12.5, 11, 12.75, 11.25 ], "texture": "#diamond_sword" },
				"east": { "uv": [ 12.75, 10.75, 12.5, 11 ], "texture": "#diamond_sword" }
			}
		},
		{
			"__comment": "Voxels",
			"from": [ 7, 10, -7 ],
			"to": [ 8, 11, -6 ],
			"faces": {
				"down": { "uv": [ 12.5, 10.5, 12.75, 10.75 ], "texture": "#diamond_sword" },
				"up": { "uv": [ 12.5, 10.5, 12.75, 10.25 ], "texture": "#diamond_sword" },
				"north": { "uv": [ 12.75, 10, 12.5, 10.25 ], "texture": "#diamond_sword" },
				"south": { "uv": [ 12.5, 9.75, 12.75, 10 ], "texture": "#diamond_sword" },
				"west": { "uv": [ 12.5, 9.5, 12.75, 9.75 ], "texture": "#diamond_sword" },
				"east": { "uv": [ 12.75, 9.25, 12.5, 9.5 ], "texture": "#diamond_sword" }
			}
		},
		{
			"__comment": "Voxels",
			"from": [ 7, 10, 5 ],
			"to": [ 8, 11, 14 ],
			"faces": {
				"down": { "uv": [ 8, 9.25, 8.25, 11.5 ], "texture": "#diamond_sword" },
				"up": { "uv": [ 8, 13.75, 8.25, 11.5 ], "texture": "#diamond_sword" },
				"north": { "uv": [ 12.75, 8.5, 12.5, 8.75 ], "texture": "#diamond_sword" },
				"south": { "uv": [ 12.5, 8.25, 12.75, 8.5 ], "texture": "#diamond_sword" },
				"west": { "uv": [ 11.25, 15.25, 13.5, 15.5 ], "texture": "#diamond_sword" },
				"east": { "uv": [ 11.25, 15.25, 9, 15.5 ], "texture": "#diamond_sword" }
			}
		},
		{
			"__comment": "Voxels",
			"from": [ 7, 10, 19 ],
			"to": [ 8, 11, 23 ],
			"faces": {
				"down": { "uv": [ 9.25, 10, 9.5, 11 ], "texture": "#diamond_sword" },
				"up": { "uv": [ 9, 11, 9.25, 10 ], "texture": "#diamond_sword" },
				"north": { "uv": [ 13.75, 11, 13.5, 11.25 ], "texture": "#diamond_sword" },
				"south": { "uv": [ 13.75, 11, 14, 11.25 ], "texture": "#diamond_sword" },
				"west": { "uv": [ 7, 9.75, 8, 10 ], "texture": "#diamond_sword" },
				"east": { "uv": [ 8, 10, 7, 10.25 ], "texture": "#diamond_sword" }
			}
		},
		{
			"__comment": "Voxels",
			"from": [ 7, 10, 29 ],
			"to": [ 8, 11, 30 ],
			"faces": {
				"down": { "uv": [ 14.5, 11, 14.75, 11.25 ], "texture": "#diamond_sword" },
				"up": { "uv": [ 14.75, 11.25, 15, 11 ], "texture": "#diamond_sword" },
				"north": { "uv": [ 15.25, 11, 15, 11.25 ], "texture": "#diamond_sword" },
				"south": { "uv": [ 15.25, 11, 15.5, 11.25 ], "texture": "#diamond_sword" },
				"west": { "uv": [ 15.5, 11, 15.75, 11.25 ], "texture": "#diamond_sword" },
				"east": { "uv": [ 16, 11, 15.75, 11.25 ], "texture": "#diamond_sword" }
			}
		},
		{
			"__comment": "Voxels",
			"from": [ 7, 11, 3 ],
			"to": [ 8, 12, 4 ],
			"faces": {
				"down": { "uv": [ 12.75, 10.75, 13, 11 ], "texture": "#diamond_sword" },
				"up": { "uv": [ 12.75, 10.75, 13, 10.5 ], "texture": "#diamond_sword" },
				"north": { "uv": [ 14.5, 10.25, 14.25, 10.5 ], "texture": "#diamond_sword" },
				"south": { "uv": [ 12.75, 10, 13, 10.25 ], "texture": "#diamond_sword" },
				"west": { "uv": [ 12.75, 9.75, 13, 10 ], "texture": "#diamond_sword" },
				"east": { "uv": [ 13, 9.5, 12.75, 9.75 ], "texture": "#diamond_sword" }
			}
		},
		{
			"__comment": "Voxels",
			"from": [ 7, 11, 24 ],
			"to": [ 8, 12, 25 ],
			"faces": {
				"down": { "uv": [ 12.75, 9.25, 13, 9.5 ], "texture": "#diamond_sword" },
				"up": { "uv": [ 12.75, 9.25, 13, 9 ], "texture": "#diamond_sword" },
				"north": { "uv": [ 13, 8.75, 12.75, 9 ], "texture": "#diamond_sword" },
				"south": { "uv": [ 13, 8, 13.25, 8.25 ], "texture": "#diamond_sword" },
				"west": { "uv": [ 12.75, 8.25, 13, 8.5 ], "texture": "#diamond_sword" },
				"east": { "uv": [ 13, 8, 12.75, 8.25 ], "texture": "#diamond_sword" }
			}
		},
		{
			"__comment": "Voxels",
			"from": [ 7, 11, 26 ],
			"to": [ 8, 12, 28 ],
			"faces": {
				"down": { "uv": [ 11.75, 9.5, 12, 10 ], "texture": "#diamond_sword" },
				"up": { "uv": [ 11.75, 9.5, 12, 9 ], "texture": "#diamond_sword" },
				"north": { "uv": [ 13.75, 10.75, 13.5, 11 ], "texture": "#diamond_sword" },
				"south": { "uv": [ 13.75, 10.75, 14, 11 ], "texture": "#diamond_sword" },
				"west": { "uv": [ 14, 12, 14.5, 12.25 ], "texture": "#diamond_sword" },
				"east": { "uv": [ 15, 12, 14.5, 12.25 ], "texture": "#diamond_sword" }
			}
		},
		{
			"__comment": "Voxels",
			"from": [ 7, 12, -5 ],
			"to": [ 8, 13, -4 ],
			"faces": {
				"down": { "uv": [ 14.5, 10.75, 14.75, 11 ], "texture": "#diamond_sword" },
				"up": { "uv": [ 14.75, 11, 15, 10.75 ], "texture": "#diamond_sword" },
				"north": { "uv": [ 15.25, 10.75, 15, 11 ], "texture": "#diamond_sword" },
				"south": { "uv": [ 15.25, 10.75, 15.5, 11 ], "texture": "#diamond_sword" },
				"west": { "uv": [ 15.5, 10.75, 15.75, 11 ], "texture": "#diamond_sword" },
				"east": { "uv": [ 16, 10.75, 15.75, 11 ], "texture": "#diamond_sword" }
			}
		},
		{
			"__comment": "Voxels",
			"from": [ 7, 12, 0 ],
			"to": [ 8, 15, 1 ],
			"faces": {
				"down": { "uv": [ 13, 10.5, 13.25, 10.75 ], "texture": "#diamond_sword" },
				"up": { "uv": [ 13, 10.5, 13.25, 10.25 ], "texture": "#diamond_sword" },
				"north": { "uv": [ 11, 8.75, 10.75, 9.5 ], "texture": "#diamond_sword" },
				"south": { "uv": [ 10.75, 8, 11, 8.75 ], "texture": "#diamond_sword" },
				"west": { "uv": [ 11, 11, 11.25, 11.75 ], "texture": "#diamond_sword" },
				"east": { "uv": [ 11.5, 11, 11.25, 11.75 ], "texture": "#diamond_sword" }
			}
		},
		{
			"__comment": "Voxels",
			"from": [ 7, 12, 1 ],
			"to": [ 8, 13, 3 ],
			"faces": {
				"down": { "uv": [ 11.75, 8.5, 12, 9 ], "texture": "#diamond_sword" },
				"up": { "uv": [ 11.75, 8.5, 12, 8 ], "texture": "#diamond_sword" },
				"north": { "uv": [ 13.25, 8.5, 13, 8.75 ], "texture": "#diamond_sword" },
				"south": { "uv": [ 13, 8.25, 13.25, 8.5 ], "texture": "#diamond_sword" },
				"west": { "uv": [ 13.5, 12, 14, 12.25 ], "texture": "#diamond_sword" },
				"east": { "uv": [ 15.5, 12, 15, 12.25 ], "texture": "#diamond_sword" }
			}
		},
		{
			"__comment": "Voxels",
			"from": [ 7, 13, -4 ],
			"to": [ 8, 16, -3 ],
			"faces": {
				"down": { "uv": [ 13.5, 10.5, 13.75, 10.75 ], "texture": "#diamond_sword" },
				"up": { "uv": [ 13.75, 10.75, 14, 10.5 ], "texture": "#diamond_sword" },
				"north": { "uv": [ 11.75, 11, 11.5, 11.75 ], "texture": "#diamond_sword" },
				"south": { "uv": [ 11, 9.25, 11.25, 10 ], "texture": "#diamond_sword" },
				"west": { "uv": [ 11.25, 9.25, 11.5, 10 ], "texture": "#diamond_sword" },
				"east": { "uv": [ 11.75, 9.25, 11.5, 10 ], "texture": "#diamond_sword" }
			}
		},
		{
			"__comment": "Voxels",
			"from": [ 7, 13, -3 ],
			"to": [ 8, 14, 0 ],
			"faces": {
				"down": { "uv": [ 4.25, 13.75, 4.5, 14.5 ], "texture": "#diamond_sword" },
				"up": { "uv": [ 4.5, 14.5, 4.75, 13.75 ], "texture": "#diamond_sword" },
				"north": { "uv": [ 15.75, 10.5, 15.5, 10.75 ], "texture": "#diamond_sword" },
				"south": { "uv": [ 15.75, 10.5, 16, 10.75 ], "texture": "#diamond_sword" },
				"west": { "uv": [ 8.25, 8.25, 9, 8.5 ], "texture": "#diamond_sword" },
				"east": { "uv": [ 9, 8, 8.25, 8.25 ], "texture": "#diamond_sword" }
			}
		},
		{
			"__comment": "Voxels",
			"from": [ 7, 13, 2 ],
			"to": [ 8, 14, 3 ],
			"faces": {
				"down": { "uv": [ 13.25, 9.75, 13.5, 10 ], "texture": "#diamond_sword" },
				"up": { "uv": [ 13.25, 9.75, 13.5, 9.5 ], "texture": "#diamond_sword" },
				"north": { "uv": [ 13.5, 9.25, 13.25, 9.5 ], "texture": "#diamond_sword" },
				"south": { "uv": [ 13.25, 9, 13.5, 9.25 ], "texture": "#diamond_sword" },
				"west": { "uv": [ 13.25, 8.75, 13.5, 9 ], "texture": "#diamond_sword" },
				"east": { "uv": [ 13.5, 8.5, 13.25, 8.75 ], "texture": "#diamond_sword" }
			}
		},
		{
			"__comment": "Voxels",
			"from": [ 7, 14, -2 ],
			"to": [ 8, 16, -1 ],
			"faces": {
				"down": { "uv": [ 13.25, 8.25, 13.5, 8.5 ], "texture": "#diamond_sword" },
				"up": { "uv": [ 13.25, 8.25, 13.5, 8 ], "texture": "#diamond_sword" },
				"north": { "uv": [ 12.25, 11.5, 12, 12 ], "texture": "#diamond_sword" },
				"south": { "uv": [ 12, 11, 12.25, 11.5 ], "texture": "#diamond_sword" },
				"west": { "uv": [ 12, 10.5, 12.25, 11 ], "texture": "#diamond_sword" },
				"east": { "uv": [ 12, 10, 11.75, 10.5 ], "texture": "#diamond_sword" }
			}
		}
	],
	"display": {
		"thirdperson_righthand": {
			"rotation":  [ 90, 0, 0 ],
			"translation":  [ 0, 7, 0.6 ],
			"scale":  [ 0.7, 0.7, 0.7 ]
		},
		"thirdperson_lefthand": {
			"rotation":  [ 90, 0, 0 ],
			"translation":  [ 0, 7, 0.6 ],
			"scale":  [ 0.7, 0.7, 0.7 ]
		},
		"firstperson_righthand": {
			"rotation":  [ 81, 0, -11 ],
			"translation":  [ 3.9999, 7.6517, -6.689 ],
			"scale":  [ 0.6, 0.6, 0.739 ]
		},
		"firstperson_lefthand": {
			"rotation":  [ 70, 0, 44 ],
			"translation":  [ 4, 4, -6 ],
			"scale":  [ 0.8, 0.9, 0.9 ]
		},
		"gui": {
			"rotation":  [ 92, -45, 0 ],
			"translation":  [ 0.6956, 0.6956, 0 ],
			"scale":  [ 0.5, 0.5, 0.5 ]
		},
		"ground": {
			"scale":  [ 0.6, 0.6, 0.6 ]
		},
		"fixed": {
			"rotation":  [ 90, 0, 0 ],
			"translation":  [ 1, 14, -6 ],
			"scale":  [ 2.6, 2.626, 3 ]
		}
	}
}