{
	"__comment": "Designed by MrZoom31 with Cubik Studio - https://cubik.studio",
	"textures": {
		"diamond_sword": "items/models/hammer_1"
	},
	"elements": [ 	 
		{
			"__comment": "Voxels",
			"from": [ 4, 8, 23 ],
			"to": [ 13, 9, 24 ],
			"faces": {
				"down": { "uv": [ 3, 12.75, 5.25, 13 ], "texture": "#diamond_sword" },
				"up": { "uv": [ 10.75, 13.75, 13, 13.5 ], "texture": "#diamond_sword" },
				"north": { "uv": [ 13, 13.25, 10.75, 13.5 ], "texture": "#diamond_sword" },
				"south": { "uv": [ 10.75, 13, 13, 13.25 ], "texture": "#diamond_sword" },
				"west": { "uv": [ 6, 1.5, 6.25, 1.75 ], "texture": "#diamond_sword" },
				"east": { "uv": [ 6.25, 1.25, 6, 1.5 ], "texture": "#diamond_sword" }
			}
		},
		{
			"__comment": "Voxels",
			"from": [ 5, 2, 19 ],
			"to": [ 12, 4, 25 ],
			"faces": {
				"down": { "uv": [ 2.5, 14.5, 4.25, 16 ], "texture": "#diamond_sword" },
				"up": { "uv": [ 0.75, 16, 2.5, 14.5 ], "texture": "#diamond_sword" },
				"north": { "uv": [ 5.75, 13.75, 4, 14.25 ], "texture": "#diamond_sword" },
				"south": { "uv": [ 5.75, 13.75, 7.5, 14.25 ], "texture": "#diamond_sword" },
				"west": { "uv": [ 4.25, 13.25, 5.75, 13.75 ], "texture": "#diamond_sword" },
				"east": { "uv": [ 16, 13.75, 14.5, 14.25 ], "texture": "#diamond_sword" }
			}
		},
		{
			"__comment": "Voxels",
			"from": [ 5, 3, 18 ],
			"to": [ 12, 4, 19 ],
			"faces": {
				"down": { "uv": [ 6, 14.5, 7.75, 14.75 ], "texture": "#diamond_sword" },
				"up": { "uv": [ 7.75, 14.75, 9.5, 14.5 ], "texture": "#diamond_sword" },
				"north": { "uv": [ 7, 12.75, 5.25, 13 ], "texture": "#diamond_sword" },
				"south": { "uv": [ 7, 12.75, 8.75, 13 ], "texture": "#diamond_sword" },
				"west": { "uv": [ 6, 0.5, 6.25, 0.75 ], "texture": "#diamond_sword" },
				"east": { "uv": [ 6.25, 0.25, 6, 0.5 ], "texture": "#diamond_sword" }
			}
		},
		{
			"__comment": "Voxels",
			"from": [ 5, 3, 25 ],
			"to": [ 12, 4, 26 ],
			"faces": {
				"down": { "uv": [ 10.5, 12.75, 12.25, 13 ], "texture": "#diamond_sword" },
				"up": { "uv": [ 12.25, 13, 14, 12.75 ], "texture": "#diamond_sword" },
				"north": { "uv": [ 15.75, 12.75, 14, 13 ], "texture": "#diamond_sword" },
				"south": { "uv": [ 9.75, 12.5, 11.5, 12.75 ], "texture": "#diamond_sword" },
				"west": { "uv": [ 6, 0, 6.25, 0.25 ], "texture": "#diamond_sword" },
				"east": { "uv": [ 15, 9.5, 14.75, 9.75 ], "texture": "#diamond_sword" }
			}
		},
		{
			"__comment": "Voxels",
			"from": [ 5, 4, 18 ],
			"to": [ 8, 5, 21 ],
			"faces": {
				"down": { "uv": [ 3, 12, 3.75, 12.75 ], "texture": "#diamond_sword" },
				"up": { "uv": [ 3, 12, 3.75, 11.25 ], "texture": "#diamond_sword" },
				"north": { "uv": [ 5, 7, 4.25, 7.25 ], "texture": "#diamond_sword" },
				"south": { "uv": [ 4.25, 6.75, 5, 7 ], "texture": "#diamond_sword" },
				"west": { "uv": [ 4.25, 6.5, 5, 6.75 ], "texture": "#diamond_sword" },
				"east": { "uv": [ 5, 6.25, 4.25, 6.5 ], "texture": "#diamond_sword" }
			}
		},
		{
			"__comment": "Voxels",
			"from": [ 5, 4, 23 ],
			"to": [ 12, 5, 24 ],
			"faces": {
				"down": { "uv": [ 11.5, 12.25, 13.25, 12.5 ], "texture": "#diamond_sword" },
				"up": { "uv": [ 13.25, 12.5, 15, 12.25 ], "texture": "#diamond_sword" },
				"north": { "uv": [ 5.5, 12, 3.75, 12.25 ], "texture": "#diamond_sword" },
				"south": { "uv": [ 9.75, 12.25, 11.5, 12.5 ], "texture": "#diamond_sword" },
				"west": { "uv": [ 15.5, 9.5, 15.75, 9.75 ], "texture": "#diamond_sword" },
				"east": { "uv": [ 6.5, 9.25, 6.25, 9.5 ], "texture": "#diamond_sword" }
			}
		},
		{
			"__comment": "Voxels",
			"from": [ 5, 4, 24 ],
			"to": [ 8, 5, 26 ],
			"faces": {
				"down": { "uv": [ 3, 7, 3.75, 7.5 ], "texture": "#diamond_sword" },
				"up": { "uv": [ 5, 11.5, 5.75, 11 ], "texture": "#diamond_sword" },
				"north": { "uv": [ 5, 5.75, 4.25, 6 ], "texture": "#diamond_sword" },
				"south": { "uv": [ 4.25, 5.5, 5, 5.75 ], "texture": "#diamond_sword" },
				"west": { "uv": [ 3.75, 0.25, 4.25, 0.5 ], "texture": "#diamond_sword" },
				"east": { "uv": [ 4.25, 0, 3.75, 0.25 ], "texture": "#diamond_sword" }
			}
		},
		{
			"__comment": "Voxels",
			"from": [ 5, 5, 18 ],
			"to": [ 7, 6, 19 ],
			"faces": {
				"down": { "uv": [ 15.5, 11.75, 16, 12 ], "texture": "#diamond_sword" },
				"up": { "uv": [ 15.5, 11.75, 16, 11.5 ], "texture": "#diamond_sword" },
				"north": { "uv": [ 16, 10.75, 15.5, 11 ], "texture": "#diamond_sword" },
				"south": { "uv": [ 5.25, 7.75, 5.75, 8 ], "texture": "#diamond_sword" },
				"west": { "uv": [ 6.25, 9, 6.5, 9.25 ], "texture": "#diamond_sword" },
				"east": { "uv": [ 6.5, 8.75, 6.25, 9 ], "texture": "#diamond_sword" }
			}
		},
		{
			"__comment": "Voxels",
			"from": [ 5, 5, 19 ],
			"to": [ 6, 6, 20 ],
			"faces": {
				"down": { "uv": [ 6.25, 7.75, 6.5, 8 ], "texture": "#diamond_sword" },
				"up": { "uv": [ 6.25, 7.75, 6.5, 7.5 ], "texture": "#diamond_sword" },
				"north": { "uv": [ 6.5, 7.25, 6.25, 7.5 ], "texture": "#diamond_sword" },
				"south": { "uv": [ 6.25, 7, 6.5, 7.25 ], "texture": "#diamond_sword" },
				"west": { "uv": [ 6.25, 6.25, 6.5, 6.5 ], "texture": "#diamond_sword" },
				"east": { "uv": [ 6.5, 6, 6.25, 6.25 ], "texture": "#diamond_sword" }
			}
		},
		{
			"__comment": "Voxels",
			"from": [ 5, 5, 24 ],
			"to": [ 6, 6, 26 ],
			"faces": {
				"down": { "uv": [ 5.25, 6.75, 5.5, 7.25 ], "texture": "#diamond_sword" },
				"up": { "uv": [ 5.5, 7.25, 5.75, 6.75 ], "texture": "#diamond_sword" },
				"north": { "uv": [ 6.5, 5.25, 6.25, 5.5 ], "texture": "#diamond_sword" },
				"south": { "uv": [ 6.25, 5, 6.5, 5.25 ], "texture": "#diamond_sword" },
				"west": { "uv": [ 5.25, 6.5, 5.75, 6.75 ], "texture": "#diamond_sword" },
				"east": { "uv": [ 5.75, 6.25, 5.25, 6.5 ], "texture": "#diamond_sword" }
			}
		},
		{
			"__comment": "Voxels",
			"from": [ 5, 8, 21 ],
			"to": [ 12, 9, 23 ],
			"faces": {
				"down": { "uv": [ 11, 13.75, 12.75, 14.25 ], "texture": "#diamond_sword" },
				"up": { "uv": [ 12.75, 14.25, 14.5, 13.75 ], "texture": "#diamond_sword" },
				"north": { "uv": [ 13.25, 12.5, 11.5, 12.75 ], "texture": "#diamond_sword" },
				"south": { "uv": [ 4.25, 14.5, 6, 14.75 ], "texture": "#diamond_sword" },
				"west": { "uv": [ 5.25, 6, 5.75, 6.25 ], "texture": "#diamond_sword" },
				"east": { "uv": [ 5.75, 5.75, 5.25, 6 ], "texture": "#diamond_sword" }
			}
		},
		{
			"__comment": "Voxels",
			"from": [ 5, 11, 18 ],
			"to": [ 7, 14, 19 ],
			"faces": {
				"down": { "uv": [ 5.25, 5.5, 5.75, 5.75 ], "texture": "#diamond_sword" },
				"up": { "uv": [ 5.25, 5.5, 5.75, 5.25 ], "texture": "#diamond_sword" },
				"north": { "uv": [ 4.25, 10.5, 3.75, 11.25 ], "texture": "#diamond_sword" },
				"south": { "uv": [ 3.75, 11.25, 4.25, 12 ], "texture": "#diamond_sword" },
				"west": { "uv": [ 4, 6, 4.25, 6.75 ], "texture": "#diamond_sword" },
				"east": { "uv": [ 4, 5.25, 3.75, 6 ], "texture": "#diamond_sword" }
			}
		},
		{
			"__comment": "Voxels",
			"from": [ 5, 11, 19 ],
			"to": [ 6, 15, 20 ],
			"faces": {
				"down": { "uv": [ 6.25, 3.75, 6.5, 4 ], "texture": "#diamond_sword" },
				"up": { "uv": [ 6.25, 3.75, 6.5, 3.5 ], "texture": "#diamond_sword" },
				"north": { "uv": [ 1, 2, 0.75, 3 ], "texture": "#diamond_sword" },
				"south": { "uv": [ 0.75, 1, 1, 2 ], "texture": "#diamond_sword" },
				"west": { "uv": [ 0.75, 0, 1, 1 ], "texture": "#diamond_sword" },
				"east": { "uv": [ 3, 9, 2.75, 10 ], "texture": "#diamond_sword" }
			}
		},
		{
			"__comment": "Voxels",
			"from": [ 5, 11, 24 ],
			"to": [ 6, 15, 25 ],
			"faces": {
				"down": { "uv": [ 5, 3, 5.25, 3.25 ], "texture": "#diamond_sword" },
				"up": { "uv": [ 5.5, 13.25, 5.75, 13 ], "texture": "#diamond_sword" },
				"north": { "uv": [ 3, 7.75, 2.75, 8.75 ], "texture": "#diamond_sword" },
				"south": { "uv": [ 2.75, 6.5, 3, 7.5 ], "texture": "#diamond_sword" },
				"west": { "uv": [ 2.75, 5.25, 3, 6.25 ], "texture": "#diamond_sword" },
				"east": { "uv": [ 4, 8.75, 3.75, 9.75 ], "texture": "#diamond_sword" }
			}
		},
		{
			"__comment": "Voxels",
			"from": [ 5, 11, 25 ],
			"to": [ 7, 14, 26 ],
			"faces": {
				"down": { "uv": [ 5.25, 5, 5.75, 5.25 ], "texture": "#diamond_sword" },
				"up": { "uv": [ 5.25, 5, 5.75, 4.75 ], "texture": "#diamond_sword" },
				"north": { "uv": [ 3.5, 5.25, 3, 6 ], "texture": "#diamond_sword" },
				"south": { "uv": [ 3.75, 9.75, 4.25, 10.5 ], "texture": "#diamond_sword" },
				"west": { "uv": [ 4, 5.25, 4.25, 6 ], "texture": "#diamond_sword" },
				"east": { "uv": [ 4, 4.5, 3.75, 5.25 ], "texture": "#diamond_sword" }
			}
		},
		{
			"__comment": "Voxels",
			"from": [ 5, 12, 20 ],
			"to": [ 12, 15, 21 ],
			"faces": {
				"down": { "uv": [ 8.75, 12.75, 10.5, 13 ], "texture": "#diamond_sword" },
				"up": { "uv": [ 5.5, 12.25, 7.25, 12 ], "texture": "#diamond_sword" },
				"north": { "uv": [ 9.5, 14.75, 7.75, 15.5 ], "texture": "#diamond_sword" },
				"south": { "uv": [ 9.5, 15, 11.25, 15.75 ], "texture": "#diamond_sword" },
				"west": { "uv": [ 4, 4.5, 4.25, 5.25 ], "texture": "#diamond_sword" },
				"east": { "uv": [ 4, 3.75, 3.75, 4.5 ], "texture": "#diamond_sword" }
			}
		},
		{
			"__comment": "Voxels",
			"from": [ 5, 12, 23 ],
			"to": [ 12, 15, 24 ],
			"faces": {
				"down": { "uv": [ 7.25, 12, 9, 12.25 ], "texture": "#diamond_sword" },
				"up": { "uv": [ 13.25, 12.75, 15, 12.5 ], "texture": "#diamond_sword" },
				"north": { "uv": [ 7.75, 14.75, 6, 15.5 ], "texture": "#diamond_sword" },
				"south": { "uv": [ 4.25, 14.75, 6, 15.5 ], "texture": "#diamond_sword" },
				"west": { "uv": [ 4, 3.75, 4.25, 4.5 ], "texture": "#diamond_sword" },
				"east": { "uv": [ 4, 3, 3.75, 3.75 ], "texture": "#diamond_sword" }
			}
		},
		{
			"__comment": "Voxels",
			"from": [ 5, 13, 21 ],
			"to": [ 12, 15, 23 ],
			"faces": {
				"down": { "uv": [ 9.5, 14.5, 11.25, 15 ], "texture": "#diamond_sword" },
				"up": { "uv": [ 9.25, 14.25, 11, 13.75 ], "texture": "#diamond_sword" },
				"north": { "uv": [ 9.25, 13.75, 7.5, 14.25 ], "texture": "#diamond_sword" },
				"south": { "uv": [ 2.25, 13.75, 4, 14.25 ], "texture": "#diamond_sword" },
				"west": { "uv": [ 3.75, 8.25, 4.25, 8.75 ], "texture": "#diamond_sword" },
				"east": { "uv": [ 4.25, 7.75, 3.75, 8.25 ], "texture": "#diamond_sword" }
			}
		},
		{
			"__comment": "Voxels",
			"from": [ 6, -1, 20 ],
			"to": [ 11, 2, 24 ],
			"faces": {
				"down": { "uv": [ 1, 11.25, 2.25, 12.25 ], "texture": "#diamond_sword" },
				"up": { "uv": [ 1, 10.25, 2.25, 9.25 ], "texture": "#diamond_sword" },
				"north": { "uv": [ 2.25, 3.25, 1, 4 ], "texture": "#diamond_sword" },
				"south": { "uv": [ 1, 4, 2.25, 4.75 ], "texture": "#diamond_sword" },
				"west": { "uv": [ 3.25, 13, 4.25, 13.75 ], "texture": "#diamond_sword" },
				"east": { "uv": [ 2, 1, 1, 1.75 ], "texture": "#diamond_sword" }
			}
		},
		{
			"__comment": "Voxels",
			"from": [ 6, 0, 19 ],
			"to": [ 11, 2, 20 ],
			"faces": {
				"down": { "uv": [ 12.75, 11.25, 14, 11.5 ], "texture": "#diamond_sword" },
				"up": { "uv": [ 10.25, 11.25, 11.5, 11 ], "texture": "#diamond_sword" },
				"north": { "uv": [ 8.25, 13.25, 7, 13.75 ], "texture": "#diamond_sword" },
				"south": { "uv": [ 8.25, 13.25, 9.5, 13.75 ], "texture": "#diamond_sword" },
				"west": { "uv": [ 5.25, 4.25, 5.5, 4.75 ], "texture": "#diamond_sword" },
				"east": { "uv": [ 5.75, 4.25, 5.5, 4.75 ], "texture": "#diamond_sword" }
			}
		},
		{
			"__comment": "Voxels",
			"from": [ 6, 0, 24 ],
			"to": [ 11, 2, 25 ],
			"faces": {
				"down": { "uv": [ 10.25, 12, 11.5, 12.25 ], "texture": "#diamond_sword" },
				"up": { "uv": [ 10.25, 11.5, 11.5, 11.25 ], "texture": "#diamond_sword" },
				"north": { "uv": [ 7, 13.25, 5.75, 13.75 ], "texture": "#diamond_sword" },
				"south": { "uv": [ 9.5, 13.25, 10.75, 13.75 ], "texture": "#diamond_sword" },
				"west": { "uv": [ 5.75, 4.25, 6, 4.75 ], "texture": "#diamond_sword" },
				"east": { "uv": [ 5.5, 3.75, 5.25, 4.25 ], "texture": "#diamond_sword" }
			}
		},
		{
			"__comment": "Voxels",
			"from": [ 6, 2, 18 ],
			"to": [ 11, 3, 19 ],
			"faces": {
				"down": { "uv": [ 14, 12, 15.25, 12.25 ], "texture": "#diamond_sword" },
				"up": { "uv": [ 12.5, 14.75, 13.75, 14.5 ], "texture": "#diamond_sword" },
				"north": { "uv": [ 7.75, 11.25, 6.5, 11.5 ], "texture": "#diamond_sword" },
				"south": { "uv": [ 9, 12, 10.25, 12.25 ], "texture": "#diamond_sword" },
				"west": { "uv": [ 2.75, 8.75, 3, 9 ], "texture": "#diamond_sword" },
				"east": { "uv": [ 3, 5, 2.75, 5.25 ], "texture": "#diamond_sword" }
			}
		},
		{
			"__comment": "Voxels",
			"from": [ 6, 2, 25 ],
			"to": [ 11, 3, 26 ],
			"faces": {
				"down": { "uv": [ 8.25, 13, 9.5, 13.25 ], "texture": "#diamond_sword" },
				"up": { "uv": [ 4.25, 11, 5.5, 10.75 ], "texture": "#diamond_sword" },
				"north": { "uv": [ 10.75, 13, 9.5, 13.25 ], "texture": "#diamond_sword" },
				"south": { "uv": [ 13.75, 14.5, 15, 14.75 ], "texture": "#diamond_sword" },
				"west": { "uv": [ 15.75, 12.75, 16, 13 ], "texture": "#diamond_sword" },
				"east": { "uv": [ 4.25, 8.75, 4, 9 ], "texture": "#diamond_sword" }
			}
		},
		{
			"__comment": "Voxels",
			"from": [ 6, 5, 25 ],
			"to": [ 7, 6, 26 ],
			"faces": {
				"down": { "uv": [ 5, 7.25, 5.25, 7.5 ], "texture": "#diamond_sword" },
				"up": { "uv": [ 5, 6.75, 5.25, 6.5 ], "texture": "#diamond_sword" },
				"north": { "uv": [ 5.25, 6.25, 5, 6.5 ], "texture": "#diamond_sword" },
				"south": { "uv": [ 5, 6, 5.25, 6.25 ], "texture": "#diamond_sword" },
				"west": { "uv": [ 5, 5, 5.25, 5.25 ], "texture": "#diamond_sword" },
				"east": { "uv": [ 5.25, 4.75, 5, 5 ], "texture": "#diamond_sword" }
			}
		},
		{
			"__comment": "Voxels",
			"from": [ 6, 7, 21 ],
			"to": [ 11, 8, 24 ],
			"faces": {
				"down": { "uv": [ 1, 8.5, 2.25, 9.25 ], "texture": "#diamond_sword" },
				"up": { "uv": [ 1, 8.5, 2.25, 7.75 ], "texture": "#diamond_sword" },
				"north": { "uv": [ 16, 15.75, 14.75, 16 ], "texture": "#diamond_sword" },
				"south": { "uv": [ 11.25, 14.5, 12.5, 14.75 ], "texture": "#diamond_sword" },
				"west": { "uv": [ 5.25, 10.25, 6, 10.5 ], "texture": "#diamond_sword" },
				"east": { "uv": [ 6.75, 10.25, 6, 10.5 ], "texture": "#diamond_sword" }
			}
		},
		{
			"__comment": "Voxels",
			"from": [ 6, 8, -12 ],
			"to": [ 11, 9, -8 ],
			"faces": {
				"down": { "uv": [ 11.25, 14.75, 12.5, 15.75 ], "texture": "#diamond_sword" },
				"up": { "uv": [ 12.5, 15.75, 13.75, 14.75 ], "texture": "#diamond_sword" },
				"north": { "uv": [ 7, 13, 5.75, 13.25 ], "texture": "#diamond_sword" },
				"south": { "uv": [ 7, 13, 8.25, 13.25 ], "texture": "#diamond_sword" },
				"west": { "uv": [ 15, 14.5, 16, 14.75 ], "texture": "#diamond_sword" },
				"east": { "uv": [ 6.5, 10.75, 5.5, 11 ], "texture": "#diamond_sword" }
			}
		},
		{
			"__comment": "Voxels",
			"from": [ 6, 8, -7 ],
			"to": [ 11, 9, -4 ],
			"faces": {
				"down": { "uv": [ 1, 1.75, 2.25, 2.5 ], "texture": "#diamond_sword" },
				"up": { "uv": [ 1, 7, 2.25, 6.25 ], "texture": "#diamond_sword" },
				"north": { "uv": [ 12.75, 12, 11.5, 12.25 ], "texture": "#diamond_sword" },
				"south": { "uv": [ 12.75, 12, 14, 12.25 ], "texture": "#diamond_sword" },
				"west": { "uv": [ 6.75, 10.25, 7.5, 10.5 ], "texture": "#diamond_sword" },
				"east": { "uv": [ 8.25, 10.25, 7.5, 10.5 ], "texture": "#diamond_sword" }
			}
		},
		{
			"__comment": "Voxels",
			"from": [ 6, 8, 17 ],
			"to": [ 11, 9, 21 ],
			"faces": {
				"down": { "uv": [ 1, 13.25, 2.25, 14.25 ], "texture": "#diamond_sword" },
				"up": { "uv": [ 1, 13.25, 2.25, 12.25 ], "texture": "#diamond_sword" },
				"north": { "uv": [ 9, 11, 7.75, 11.25 ], "texture": "#diamond_sword" },
				"south": { "uv": [ 9, 11.25, 10.25, 11.5 ], "texture": "#diamond_sword" },
				"west": { "uv": [ 8.5, 10.75, 9.5, 11 ], "texture": "#diamond_sword" },
				"east": { "uv": [ 10.5, 10.75, 9.5, 11 ], "texture": "#diamond_sword" }
			}
		},
		{
			"__comment": "Voxels",
			"from": [ 6, 9, 21 ],
			"to": [ 11, 10, 24 ],
			"faces": {
				"down": { "uv": [ 1, 2.5, 2.25, 3.25 ], "texture": "#diamond_sword" },
				"up": { "uv": [ 1, 7.75, 2.25, 7 ], "texture": "#diamond_sword" },
				"north": { "uv": [ 12.75, 11.25, 11.5, 11.5 ], "texture": "#diamond_sword" },
				"south": { "uv": [ 11.5, 11, 12.75, 11.25 ], "texture": "#diamond_sword" },
				"west": { "uv": [ 8.25, 10.25, 9, 10.5 ], "texture": "#diamond_sword" },
				"east": { "uv": [ 9.75, 10.25, 9, 10.5 ], "texture": "#diamond_sword" }
			}
		},
		{
			"__comment": "Voxels",
			"from": [ 6, 12, 19 ],
			"to": [ 8, 17, 20 ],
			"faces": {
				"down": { "uv": [ 5.25, 3.5, 5.75, 3.75 ], "texture": "#diamond_sword" },
				"up": { "uv": [ 5.25, 3.5, 5.75, 3.25 ], "texture": "#diamond_sword" },
				"north": { "uv": [ 2.75, 8.75, 2.25, 10 ], "texture": "#diamond_sword" },
				"south": { "uv": [ 2.25, 5, 2.75, 6.25 ], "texture": "#diamond_sword" },
				"west": { "uv": [ 0.75, 5.25, 1, 6.5 ], "texture": "#diamond_sword" },
				"east": { "uv": [ 1, 7.75, 0.75, 9 ], "texture": "#diamond_sword" }
			}
		},
		{
			"__comment": "Voxels",
			"from": [ 6, 12, 24 ],
			"to": [ 8, 17, 25 ],
			"faces": {
				"down": { "uv": [ 5.25, 3, 5.75, 3.25 ], "texture": "#diamond_sword" },
				"up": { "uv": [ 5.25, 3, 5.75, 2.75 ], "texture": "#diamond_sword" },
				"north": { "uv": [ 2.75, 6.25, 2.25, 7.5 ], "texture": "#diamond_sword" },
				"south": { "uv": [ 2.25, 7.5, 2.75, 8.75 ], "texture": "#diamond_sword" },
				"west": { "uv": [ 0.75, 4, 1, 5.25 ], "texture": "#diamond_sword" },
				"east": { "uv": [ 1, 6.5, 0.75, 7.75 ], "texture": "#diamond_sword" }
			}
		},
		{
			"__comment": "Voxels",
			"from": [ 6, 14, 18 ],
			"to": [ 11, 15, 19 ],
			"faces": {
				"down": { "uv": [ 14, 11, 15.25, 11.25 ], "texture": "#diamond_sword" },
				"up": { "uv": [ 12.75, 11.25, 14, 11 ], "texture": "#diamond_sword" },
				"north": { "uv": [ 10.25, 11, 9, 11.25 ], "texture": "#diamond_sword" },
				"south": { "uv": [ 7.75, 11.25, 9, 11.5 ], "texture": "#diamond_sword" },
				"west": { "uv": [ 5, 4.5, 5.25, 4.75 ], "texture": "#diamond_sword" },
				"east": { "uv": [ 5.25, 4.25, 5, 4.5 ], "texture": "#diamond_sword" }
			}
		},
		{
			"__comment": "Voxels",
			"from": [ 6, 14, 25 ],
			"to": [ 11, 15, 26 ],
			"faces": {
				"down": { "uv": [ 4.25, 13, 5.5, 13.25 ], "texture": "#diamond_sword" },
				"up": { "uv": [ 1, 0.25, 2.25, 0 ], "texture": "#diamond_sword" },
				"north": { "uv": [ 15.25, 11.25, 14, 11.5 ], "texture": "#diamond_sword" },
				"south": { "uv": [ 6.5, 11, 7.75, 11.25 ], "texture": "#diamond_sword" },
				"west": { "uv": [ 5, 3.5, 5.25, 3.75 ], "texture": "#diamond_sword" },
				"east": { "uv": [ 5.25, 3.25, 5, 3.5 ], "texture": "#diamond_sword" }
			}
		},
		{
			"__comment": "Voxels",
			"from": [ 6, 15, 20 ],
			"to": [ 11, 18, 24 ],
			"faces": {
				"down": { "uv": [ 1, 10.25, 2.25, 11.25 ], "texture": "#diamond_sword" },
				"up": { "uv": [ 13.75, 15.75, 15, 14.75 ], "texture": "#diamond_sword" },
				"north": { "uv": [ 2.25, 5.5, 1, 6.25 ], "texture": "#diamond_sword" },
				"south": { "uv": [ 1, 4.75, 2.25, 5.5 ], "texture": "#diamond_sword" },
				"west": { "uv": [ 1, 0.25, 2, 1 ], "texture": "#diamond_sword" },
				"east": { "uv": [ 3.25, 13, 2.25, 13.75 ], "texture": "#diamond_sword" }
			}
		},
		{
			"__comment": "Voxels",
			"from": [ 7, -1, 19 ],
			"to": [ 10, 0, 20 ],
			"faces": {
				"down": { "uv": [ 5.25, 10, 6, 10.25 ], "texture": "#diamond_sword" },
				"up": { "uv": [ 6, 10.25, 6.75, 10 ], "texture": "#diamond_sword" },
				"north": { "uv": [ 6, 9, 5.25, 9.25 ], "texture": "#diamond_sword" },
				"south": { "uv": [ 12.75, 10.5, 13.5, 10.75 ], "texture": "#diamond_sword" },
				"west": { "uv": [ 6.25, 8.25, 6.5, 8.5 ], "texture": "#diamond_sword" },
				"east": { "uv": [ 16, 9.5, 15.75, 9.75 ], "texture": "#diamond_sword" }
			}
		},
		{
			"__comment": "Voxels",
			"from": [ 7, -1, 24 ],
			"to": [ 10, 0, 25 ],
			"faces": {
				"down": { "uv": [ 5.25, 8.25, 6, 8.5 ], "texture": "#diamond_sword" },
				"up": { "uv": [ 15, 10.5, 15.75, 10.25 ], "texture": "#diamond_sword" },
				"north": { "uv": [ 15, 10.25, 14.25, 10.5 ], "texture": "#diamond_sword" },
				"south": { "uv": [ 12, 10.25, 12.75, 10.5 ], "texture": "#diamond_sword" },
				"west": { "uv": [ 6, 2, 6.25, 2.25 ], "texture": "#diamond_sword" },
				"east": { "uv": [ 6.25, 2.75, 6, 3 ], "texture": "#diamond_sword" }
			}
		},
		{
			"__comment": "Voxels",
			"from": [ 7, 4, 21 ],
			"to": [ 10, 7, 23 ],
			"faces": {
				"down": { "uv": [ 3, 0.75, 3.75, 1.25 ], "texture": "#diamond_sword" },
				"up": { "uv": [ 3, 1.75, 3.75, 1.25 ], "texture": "#diamond_sword" },
				"north": { "uv": [ 13.75, 13, 13, 13.75 ], "texture": "#diamond_sword" },
				"south": { "uv": [ 13.75, 13, 14.5, 13.75 ], "texture": "#diamond_sword" },
				"west": { "uv": [ 3, 1.75, 3.5, 2.5 ], "texture": "#diamond_sword" },
				"east": { "uv": [ 3.5, 2.5, 3, 3.25 ], "texture": "#diamond_sword" }
			}
		},
		{
			"__comment": "Voxels",
			"from": [ 7, 5, 20 ],
			"to": [ 10, 8, 21 ],
			"faces": {
				"down": { "uv": [ 11.25, 10.25, 12, 10.5 ], "texture": "#diamond_sword" },
				"up": { "uv": [ 15, 10.75, 15.75, 10.5 ], "texture": "#diamond_sword" },
				"north": { "uv": [ 15.25, 13, 14.5, 13.75 ], "texture": "#diamond_sword" },
				"south": { "uv": [ 15.25, 13, 16, 13.75 ], "texture": "#diamond_sword" },
				"west": { "uv": [ 4, 3, 4.25, 3.75 ], "texture": "#diamond_sword" },
				"east": { "uv": [ 4, 6, 3.75, 6.75 ], "texture": "#diamond_sword" }
			}
		},
		{
			"__comment": "Voxels",
			"from": [ 7, 5, 23 ],
			"to": [ 10, 7, 24 ],
			"faces": {
				"down": { "uv": [ 4.25, 1.25, 5, 1.5 ], "texture": "#diamond_sword" },
				"up": { "uv": [ 4.25, 2.5, 5, 2.25 ], "texture": "#diamond_sword" },
				"north": { "uv": [ 3.75, 4.25, 3, 4.75 ], "texture": "#diamond_sword" },
				"south": { "uv": [ 3, 4.75, 3.75, 5.25 ], "texture": "#diamond_sword" },
				"west": { "uv": [ 6, 6.25, 6.25, 6.75 ], "texture": "#diamond_sword" },
				"east": { "uv": [ 5.5, 0.5, 5.25, 1 ], "texture": "#diamond_sword" }
			}
		},
		{
			"__comment": "Voxels",
			"from": [ 7, 7, -10 ],
			"to": [ 10, 8, -8 ],
			"faces": {
				"down": { "uv": [ 14, 11.5, 14.75, 12 ], "texture": "#diamond_sword" },
				"up": { "uv": [ 14.75, 12, 15.5, 11.5 ], "texture": "#diamond_sword" },
				"north": { "uv": [ 5, 4.75, 4.25, 5 ], "texture": "#diamond_sword" },
				"south": { "uv": [ 4.25, 5, 5, 5.25 ], "texture": "#diamond_sword" },
				"west": { "uv": [ 13.5, 9.75, 14, 10 ], "texture": "#diamond_sword" },
				"east": { "uv": [ 9.5, 9.75, 9, 10 ], "texture": "#diamond_sword" }
			}
		},
		{
			"__comment": "Voxels",
			"from": [ 7, 7, -7 ],
			"to": [ 10, 8, -3 ],
			"faces": {
				"down": { "uv": [ 2.25, 11, 3, 12 ], "texture": "#diamond_sword" },
				"up": { "uv": [ 2.25, 11, 3, 10 ], "texture": "#diamond_sword" },
				"north": { "uv": [ 5, 7.25, 4.25, 7.5 ], "texture": "#diamond_sword" },
				"south": { "uv": [ 5.25, 8, 6, 8.25 ], "texture": "#diamond_sword" },
				"west": { "uv": [ 4.25, 8.75, 5.25, 9 ], "texture": "#diamond_sword" },
				"east": { "uv": [ 5.25, 8.5, 4.25, 8.75 ], "texture": "#diamond_sword" }
			}
		},
		{
			"__comment": "Voxels",
			"from": [ 7, 7, 18 ],
			"to": [ 10, 8, 20 ],
			"faces": {
				"down": { "uv": [ 10.25, 11.5, 11, 12 ], "texture": "#diamond_sword" },
				"up": { "uv": [ 11, 12, 11.75, 11.5 ], "texture": "#diamond_sword" },
				"north": { "uv": [ 11.25, 10.5, 10.5, 10.75 ], "texture": "#diamond_sword" },
				"south": { "uv": [ 15.25, 12, 16, 12.25 ], "texture": "#diamond_sword" },
				"west": { "uv": [ 13, 9.75, 13.5, 10 ], "texture": "#diamond_sword" },
				"east": { "uv": [ 5.75, 1.5, 5.25, 1.75 ], "texture": "#diamond_sword" }
			}
		},
		{
			"__comment": "Voxels",
			"from": [ 7, 7, 24 ],
			"to": [ 10, 10, 27 ],
			"faces": {
				"down": { "uv": [ 2.25, 3.5, 3, 4.25 ], "texture": "#diamond_sword" },
				"up": { "uv": [ 2.25, 3.5, 3, 2.75 ], "texture": "#diamond_sword" },
				"north": { "uv": [ 3, 2, 2.25, 2.75 ], "texture": "#diamond_sword" },
				"south": { "uv": [ 2.25, 1.25, 3, 2 ], "texture": "#diamond_sword" },
				"west": { "uv": [ 2.25, 0.5, 3, 1.25 ], "texture": "#diamond_sword" },
				"east": { "uv": [ 3.75, 10.5, 3, 11.25 ], "texture": "#diamond_sword" }
			}
		},
		{
			"__comment": "Voxels",
			"from": [ 7, 8, -13 ],
			"to": [ 10, 9, -12 ],
			"faces": {
				"down": { "uv": [ 5.25, 9.75, 6, 10 ], "texture": "#diamond_sword" },
				"up": { "uv": [ 15, 10.25, 15.75, 10 ], "texture": "#diamond_sword" },
				"north": { "uv": [ 15, 10, 14.25, 10.25 ], "texture": "#diamond_sword" },
				"south": { "uv": [ 13.5, 10, 14.25, 10.25 ], "texture": "#diamond_sword" },
				"west": { "uv": [ 5, 2.5, 5.25, 2.75 ], "texture": "#diamond_sword" },
				"east": { "uv": [ 5.25, 2.75, 5, 3 ], "texture": "#diamond_sword" }
			}
		},
		{
			"__comment": "Voxels",
			"from": [ 7, 8, -8 ],
			"to": [ 10, 9, -7 ],
			"faces": {
				"down": { "uv": [ 3, 0, 3.75, 0.25 ], "texture": "#diamond_sword" },
				"up": { "uv": [ 6, 10.75, 6.75, 10.5 ], "texture": "#diamond_sword" },
				"north": { "uv": [ 5, 0, 4.25, 0.25 ], "texture": "#diamond_sword" },
				"south": { "uv": [ 4.25, 1.5, 5, 1.75 ], "texture": "#diamond_sword" },
				"west": { "uv": [ 5, 1.5, 5.25, 1.75 ], "texture": "#diamond_sword" },
				"east": { "uv": [ 5.25, 5.75, 5, 6 ], "texture": "#diamond_sword" }
			}
		},
		{
			"__comment": "Voxels",
			"from": [ 7, 8, -4 ],
			"to": [ 10, 10, -3 ],
			"faces": {
				"down": { "uv": [ 4.25, 4.5, 5, 4.75 ], "texture": "#diamond_sword" },
				"up": { "uv": [ 8.25, 10.25, 9, 10 ], "texture": "#diamond_sword" },
				"north": { "uv": [ 12.5, 11.5, 11.75, 12 ], "texture": "#diamond_sword" },
				"south": { "uv": [ 9.5, 11.5, 10.25, 12 ], "texture": "#diamond_sword" },
				"west": { "uv": [ 5.75, 2.25, 6, 2.75 ], "texture": "#diamond_sword" },
				"east": { "uv": [ 6, 6.75, 5.75, 7.25 ], "texture": "#diamond_sword" }
			}
		},
		{
			"__comment": "Voxels",
			"from": [ 7, 8, -3 ],
			"to": [ 10, 9, 17 ],
			"faces": {
				"down": { "uv": [ 0, 11, 0.75, 16 ], "texture": "#diamond_sword" },
				"up": { "uv": [ 0, 11, 0.75, 6 ], "texture": "#diamond_sword" },
				"north": { "uv": [ 12, 10.5, 11.25, 10.75 ], "texture": "#diamond_sword" },
				"south": { "uv": [ 12, 10.5, 12.75, 10.75 ], "texture": "#diamond_sword" },
				"west": { "uv": [ 11, 14.25, 16, 14.5 ], "texture": "#diamond_sword" },
				"east": { "uv": [ 11, 14.25, 6, 14.5 ], "texture": "#diamond_sword" }
			}
		},
		{
			"__comment": "Voxels",
			"from": [ 7, 8, 27 ],
			"to": [ 10, 9, 30 ],
			"faces": {
				"down": { "uv": [ 0, 0, 0.75, 0.75 ], "texture": "#diamond_sword" },
				"up": { "uv": [ 3, 8.25, 3.75, 7.5 ], "texture": "#diamond_sword" },
				"north": { "uv": [ 5, 4.25, 4.25, 4.5 ], "texture": "#diamond_sword" },
				"south": { "uv": [ 4.25, 4, 5, 4.25 ], "texture": "#diamond_sword" },
				"west": { "uv": [ 4.25, 2, 5, 2.25 ], "texture": "#diamond_sword" },
				"east": { "uv": [ 5, 1.75, 4.25, 2 ], "texture": "#diamond_sword" }
			}
		},
		{
			"__comment": "Voxels",
			"from": [ 7, 9, -10 ],
			"to": [ 10, 10, -8 ],
			"faces": {
				"down": { "uv": [ 4.25, 11, 5, 11.5 ], "texture": "#diamond_sword" },
				"up": { "uv": [ 3, 7, 3.75, 6.5 ], "texture": "#diamond_sword" },
				"north": { "uv": [ 5, 1, 4.25, 1.25 ], "texture": "#diamond_sword" },
				"south": { "uv": [ 4.25, 0.75, 5, 1 ], "texture": "#diamond_sword" },
				"west": { "uv": [ 5.5, 0.75, 6, 1 ], "texture": "#diamond_sword" },
				"east": { "uv": [ 6, 0.5, 5.5, 0.75 ], "texture": "#diamond_sword" }
			}
		},
		{
			"__comment": "Voxels",
			"from": [ 7, 9, -7 ],
			"to": [ 10, 10, -4 ],
			"faces": {
				"down": { "uv": [ 2.25, 4.25, 3, 5 ], "texture": "#diamond_sword" },
				"up": { "uv": [ 3, 9, 3.75, 8.25 ], "texture": "#diamond_sword" },
				"north": { "uv": [ 7.5, 10.5, 6.75, 10.75 ], "texture": "#diamond_sword" },
				"south": { "uv": [ 7.5, 10.5, 8.25, 10.75 ], "texture": "#diamond_sword" },
				"west": { "uv": [ 6.75, 10, 7.5, 10.25 ], "texture": "#diamond_sword" },
				"east": { "uv": [ 8.25, 10, 7.5, 10.25 ], "texture": "#diamond_sword" }
			}
		},
		{
			"__comment": "Voxels",
			"from": [ 7, 9, 18 ],
			"to": [ 10, 10, 21 ],
			"faces": {
				"down": { "uv": [ 3, 9, 3.75, 9.75 ], "texture": "#diamond_sword" },
				"up": { "uv": [ 3, 10.5, 3.75, 9.75 ], "texture": "#diamond_sword" },
				"north": { "uv": [ 10.5, 10, 9.75, 10.25 ], "texture": "#diamond_sword" },
				"south": { "uv": [ 10.5, 10, 11.25, 10.25 ], "texture": "#diamond_sword" },
				"west": { "uv": [ 11.25, 10, 12, 10.25 ], "texture": "#diamond_sword" },
				"east": { "uv": [ 12.75, 10, 12, 10.25 ], "texture": "#diamond_sword" }
			}
		},
		{
			"__comment": "Voxels",
			"from": [ 7, 10, 20 ],
			"to": [ 10, 12, 24 ],
			"faces": {
				"down": { "uv": [ 2.25, 12, 3, 13 ], "texture": "#diamond_sword" },
				"up": { "uv": [ 15, 15.75, 15.75, 14.75 ], "texture": "#diamond_sword" },
				"north": { "uv": [ 9.5, 11.5, 8.75, 12 ], "texture": "#diamond_sword" },
				"south": { "uv": [ 5.75, 11, 6.5, 11.5 ], "texture": "#diamond_sword" },
				"west": { "uv": [ 3.75, 12.25, 4.75, 12.75 ], "texture": "#diamond_sword" },
				"east": { "uv": [ 9.75, 12.25, 8.75, 12.75 ], "texture": "#diamond_sword" }
			}
		},
		{
			"__comment": "Voxels",
			"from": [ 7, 12, 18 ],
			"to": [ 8, 14, 19 ],
			"faces": {
				"down": { "uv": [ 5, 2.25, 5.25, 2.5 ], "texture": "#diamond_sword" },
				"up": { "uv": [ 5, 2.25, 5.25, 2 ], "texture": "#diamond_sword" },
				"north": { "uv": [ 6, 1.75, 5.75, 2.25 ], "texture": "#diamond_sword" },
				"south": { "uv": [ 5.25, 1, 5.5, 1.5 ], "texture": "#diamond_sword" },
				"west": { "uv": [ 5.5, 1, 5.75, 1.5 ], "texture": "#diamond_sword" },
				"east": { "uv": [ 6, 1, 5.75, 1.5 ], "texture": "#diamond_sword" }
			}
		},
		{
			"__comment": "Voxels",
			"from": [ 7, 12, 21 ],
			"to": [ 10, 13, 23 ],
			"faces": {
				"down": { "uv": [ 13.25, 11.5, 14, 12 ], "texture": "#diamond_sword" },
				"up": { "uv": [ 12.5, 12, 13.25, 11.5 ], "texture": "#diamond_sword" },
				"north": { "uv": [ 16, 11.25, 15.25, 11.5 ], "texture": "#diamond_sword" },
				"south": { "uv": [ 15.25, 11, 16, 11.25 ], "texture": "#diamond_sword" },
				"west": { "uv": [ 3.75, 1.25, 4.25, 1.5 ], "texture": "#diamond_sword" },
				"east": { "uv": [ 4.25, 1, 3.75, 1.25 ], "texture": "#diamond_sword" }
			}
		},
		{
			"__comment": "Voxels",
			"from": [ 7, 12, 25 ],
			"to": [ 8, 14, 26 ],
			"faces": {
				"down": { "uv": [ 5, 1.75, 5.25, 2 ], "texture": "#diamond_sword" },
				"up": { "uv": [ 5, 1.5, 5.25, 1.25 ], "texture": "#diamond_sword" },
				"north": { "uv": [ 16, 12.25, 15.75, 12.75 ], "texture": "#diamond_sword" },
				"south": { "uv": [ 5.25, 7.25, 5.5, 7.75 ], "texture": "#diamond_sword" },
				"west": { "uv": [ 5.5, 7.25, 5.75, 7.75 ], "texture": "#diamond_sword" },
				"east": { "uv": [ 6, 7.25, 5.75, 7.75 ], "texture": "#diamond_sword" }
			}
		},
		{
			"__comment": "Voxels",
			"from": [ 7, 17, 19 ],
			"to": [ 10, 18, 20 ],
			"faces": {
				"down": { "uv": [ 4.25, 3.25, 5, 3.5 ], "texture": "#diamond_sword" },
				"up": { "uv": [ 4.25, 3.25, 5, 3 ], "texture": "#diamond_sword" },
				"north": { "uv": [ 5, 2.75, 4.25, 3 ], "texture": "#diamond_sword" },
				"south": { "uv": [ 4.25, 2.5, 5, 2.75 ], "texture": "#diamond_sword" },
				"west": { "uv": [ 5, 1, 5.25, 1.25 ], "texture": "#diamond_sword" },
				"east": { "uv": [ 5.25, 0.75, 5, 1 ], "texture": "#diamond_sword" }
			}
		},
		{
			"__comment": "Voxels",
			"from": [ 7, 17, 24 ],
			"to": [ 10, 18, 25 ],
			"faces": {
				"down": { "uv": [ 4.25, 0.5, 5, 0.75 ], "texture": "#diamond_sword" },
				"up": { "uv": [ 4.25, 0.5, 5, 0.25 ], "texture": "#diamond_sword" },
				"north": { "uv": [ 6, 10.5, 5.25, 10.75 ], "texture": "#diamond_sword" },
				"south": { "uv": [ 9.75, 10.5, 10.5, 10.75 ], "texture": "#diamond_sword" },
				"west": { "uv": [ 5, 0.5, 5.25, 0.75 ], "texture": "#diamond_sword" },
				"east": { "uv": [ 5.25, 0.25, 5, 0.5 ], "texture": "#diamond_sword" }
			}
		},
		{
			"__comment": "Voxels",
			"from": [ 8, 4, 20 ],
			"to": [ 12, 5, 21 ],
			"faces": {
				"down": { "uv": [ 4.25, 8, 5.25, 8.25 ], "texture": "#diamond_sword" },
				"up": { "uv": [ 4.25, 8, 5.25, 7.75 ], "texture": "#diamond_sword" },
				"north": { "uv": [ 5.25, 7.5, 4.25, 7.75 ], "texture": "#diamond_sword" },
				"south": { "uv": [ 4.25, 8.25, 5.25, 8.5 ], "texture": "#diamond_sword" },
				"west": { "uv": [ 5, 0, 5.25, 0.25 ], "texture": "#diamond_sword" },
				"east": { "uv": [ 16, 10.5, 15.75, 10.75 ], "texture": "#diamond_sword" }
			}
		},
		{
			"__comment": "Voxels",
			"from": [ 8, 6, -12 ],
			"to": [ 9, 8, -10 ],
			"faces": {
				"down": { "uv": [ 5.5, 3.75, 5.75, 4.25 ], "texture": "#diamond_sword" },
				"up": { "uv": [ 5.75, 4.25, 6, 3.75 ], "texture": "#diamond_sword" },
				"north": { "uv": [ 5.5, 2.25, 5.25, 2.75 ], "texture": "#diamond_sword" },
				"south": { "uv": [ 5.5, 2.25, 5.75, 2.75 ], "texture": "#diamond_sword" },
				"west": { "uv": [ 3.75, 7.25, 4.25, 7.75 ], "texture": "#diamond_sword" },
				"east": { "uv": [ 4.25, 6.75, 3.75, 7.25 ], "texture": "#diamond_sword" }
			}
		},
		{
			"__comment": "Voxels",
			"from": [ 8, 6, -10 ],
			"to": [ 9, 7, -8 ],
			"faces": {
				"down": { "uv": [ 5.25, 1.75, 5.5, 2.25 ], "texture": "#diamond_sword" },
				"up": { "uv": [ 5.5, 2.25, 5.75, 1.75 ], "texture": "#diamond_sword" },
				"north": { "uv": [ 16, 10.25, 15.75, 10.5 ], "texture": "#diamond_sword" },
				"south": { "uv": [ 15.75, 10, 16, 10.25 ], "texture": "#diamond_sword" },
				"west": { "uv": [ 3.75, 0.75, 4.25, 1 ], "texture": "#diamond_sword" },
				"east": { "uv": [ 4.25, 0.5, 3.75, 0.75 ], "texture": "#diamond_sword" }
			}
		},
		{
			"__comment": "Voxels",
			"from": [ 8, 6, -7 ],
			"to": [ 9, 7, -4 ],
			"faces": {
				"down": { "uv": [ 3.5, 1.75, 3.75, 2.5 ], "texture": "#diamond_sword" },
				"up": { "uv": [ 4, 9.75, 4.25, 9 ], "texture": "#diamond_sword" },
				"north": { "uv": [ 6, 6.25, 5.75, 6.5 ], "texture": "#diamond_sword" },
				"south": { "uv": [ 5.75, 6, 6, 6.25 ], "texture": "#diamond_sword" },
				"west": { "uv": [ 13.5, 10.5, 14.25, 10.75 ], "texture": "#diamond_sword" },
				"east": { "uv": [ 15, 10.5, 14.25, 10.75 ], "texture": "#diamond_sword" }
			}
		},
		{
			"__comment": "Voxels",
			"from": [ 8, 7, -14 ],
			"to": [ 9, 10, -13 ],
			"faces": {
				"down": { "uv": [ 5.75, 5.75, 6, 6 ], "texture": "#diamond_sword" },
				"up": { "uv": [ 5.75, 5.75, 6, 5.5 ], "texture": "#diamond_sword" },
				"north": { "uv": [ 4, 2.25, 3.75, 3 ], "texture": "#diamond_sword" },
				"south": { "uv": [ 4, 2.25, 4.25, 3 ], "texture": "#diamond_sword" },
				"west": { "uv": [ 3.75, 1.5, 4, 2.25 ], "texture": "#diamond_sword" },
				"east": { "uv": [ 4.25, 1.5, 4, 2.25 ], "texture": "#diamond_sword" }
			}
		},
		{
			"__comment": "Voxels",
			"from": [ 8, 7, -13 ],
			"to": [ 9, 8, -12 ],
			"faces": {
				"down": { "uv": [ 5.75, 4.75, 6, 5 ], "texture": "#diamond_sword" },
				"up": { "uv": [ 5.75, 3.75, 6, 3.5 ], "texture": "#diamond_sword" },
				"north": { "uv": [ 6, 3.25, 5.75, 3.5 ], "texture": "#diamond_sword" },
				"south": { "uv": [ 5.75, 3, 6, 3.25 ], "texture": "#diamond_sword" },
				"west": { "uv": [ 5.75, 2.75, 6, 3 ], "texture": "#diamond_sword" },
				"east": { "uv": [ 6, 1.5, 5.75, 1.75 ], "texture": "#diamond_sword" }
			}
		},
		{
			"__comment": "Voxels",
			"from": [ 8, 7, -8 ],
			"to": [ 9, 8, -7 ],
			"faces": {
				"down": { "uv": [ 6, 3.5, 6.25, 3.75 ], "texture": "#diamond_sword" },
				"up": { "uv": [ 6, 3.5, 6.25, 3.25 ], "texture": "#diamond_sword" },
				"north": { "uv": [ 6.25, 3, 6, 3.25 ], "texture": "#diamond_sword" },
				"south": { "uv": [ 6, 2.5, 6.25, 2.75 ], "texture": "#diamond_sword" },
				"west": { "uv": [ 6, 2.25, 6.25, 2.5 ], "texture": "#diamond_sword" },
				"east": { "uv": [ 6.25, 1.75, 6, 2 ], "texture": "#diamond_sword" }
			}
		},
		{
			"__comment": "Voxels",
			"from": [ 8, 7, -3 ],
			"to": [ 9, 8, 18 ],
			"faces": {
				"down": { "uv": [ 0.5, 0.75, 0.75, 6 ], "texture": "#diamond_sword" },
				"up": { "uv": [ 0.75, 14.25, 1, 9 ], "texture": "#diamond_sword" },
				"north": { "uv": [ 6.25, 1, 6, 1.25 ], "texture": "#diamond_sword" },
				"south": { "uv": [ 6, 0.75, 6.25, 1 ], "texture": "#diamond_sword" },
				"west": { "uv": [ 4.25, 15.5, 9.5, 15.75 ], "texture": "#diamond_sword" },
				"east": { "uv": [ 14.75, 15.75, 9.5, 16 ], "texture": "#diamond_sword" }
			}
		},
		{
			"__comment": "Voxels",
			"from": [ 8, 7, 27 ],
			"to": [ 9, 8, 29 ],
			"faces": {
				"down": { "uv": [ 6, 5.75, 6.25, 6.25 ], "texture": "#diamond_sword" },
				"up": { "uv": [ 6, 5.75, 6.25, 5.25 ], "texture": "#diamond_sword" },
				"north": { "uv": [ 15.25, 9.5, 15, 9.75 ], "texture": "#diamond_sword" },
				"south": { "uv": [ 15.25, 9.5, 15.5, 9.75 ], "texture": "#diamond_sword" },
				"west": { "uv": [ 11.5, 9.75, 12, 10 ], "texture": "#diamond_sword" },
				"east": { "uv": [ 14.5, 9.75, 14, 10 ], "texture": "#diamond_sword" }
			}
		},
		{
			"__comment": "Voxels",
			"from": [ 8, 8, -16 ],
			"to": [ 9, 9, -14 ],
			"faces": {
				"down": { "uv": [ 6, 3.75, 6.25, 4.25 ], "texture": "#diamond_sword" },
				"up": { "uv": [ 5.75, 0.5, 6, 0 ], "texture": "#diamond_sword" },
				"north": { "uv": [ 6.5, 8.5, 6.25, 8.75 ], "texture": "#diamond_sword" },
				"south": { "uv": [ 6.25, 8, 6.5, 8.25 ], "texture": "#diamond_sword" },
				"west": { "uv": [ 7, 9.75, 7.5, 10 ], "texture": "#diamond_sword" },
				"east": { "uv": [ 8, 9.75, 7.5, 10 ], "texture": "#diamond_sword" }
			}
		},
		{
			"__comment": "Voxels",
			"from": [ 8, 8, 30 ],
			"to": [ 9, 9, 32 ],
			"faces": {
				"down": { "uv": [ 6, 9.25, 6.25, 9.75 ], "texture": "#diamond_sword" },
				"up": { "uv": [ 6, 8.25, 6.25, 7.75 ], "texture": "#diamond_sword" },
				"north": { "uv": [ 6.5, 6.75, 6.25, 7 ], "texture": "#diamond_sword" },
				"south": { "uv": [ 6.25, 6.5, 6.5, 6.75 ], "texture": "#diamond_sword" },
				"west": { "uv": [ 8, 9.75, 8.5, 10 ], "texture": "#diamond_sword" },
				"east": { "uv": [ 9, 9.75, 8.5, 10 ], "texture": "#diamond_sword" }
			}
		},
		{
			"__comment": "Voxels",
			"from": [ 8, 9, -13 ],
			"to": [ 9, 10, -10 ],
			"faces": {
				"down": { "uv": [ 2, 1, 2.25, 1.75 ], "texture": "#diamond_sword" },
				"up": { "uv": [ 2, 1, 2.25, 0.25 ], "texture": "#diamond_sword" },
				"north": { "uv": [ 6.5, 4.75, 6.25, 5 ], "texture": "#diamond_sword" },
				"south": { "uv": [ 6.25, 4.5, 6.5, 4.75 ], "texture": "#diamond_sword" },
				"west": { "uv": [ 4.25, 6, 5, 6.25 ], "texture": "#diamond_sword" },
				"east": { "uv": [ 5, 5.25, 4.25, 5.5 ], "texture": "#diamond_sword" }
			}
		},
		{
			"__comment": "Voxels",
			"from": [ 8, 9, -8 ],
			"to": [ 9, 10, -7 ],
			"faces": {
				"down": { "uv": [ 6.25, 3.25, 6.5, 3.5 ], "texture": "#diamond_sword" },
				"up": { "uv": [ 6.25, 3.25, 6.5, 3 ], "texture": "#diamond_sword" },
				"north": { "uv": [ 6.5, 2.25, 6.25, 2.5 ], "texture": "#diamond_sword" },
				"south": { "uv": [ 6.25, 2, 6.5, 2.25 ], "texture": "#diamond_sword" },
				"west": { "uv": [ 6.25, 1.75, 6.5, 2 ], "texture": "#diamond_sword" },
				"east": { "uv": [ 6.5, 1.5, 6.25, 1.75 ], "texture": "#diamond_sword" }
			}
		},
		{
			"__comment": "Voxels",
			"from": [ 8, 9, -3 ],
			"to": [ 9, 10, 18 ],
			"faces": {
				"down": { "uv": [ 0, 0.75, 0.25, 6 ], "texture": "#diamond_sword" },
				"up": { "uv": [ 0.25, 6, 0.5, 0.75 ], "texture": "#diamond_sword" },
				"north": { "uv": [ 3, 7.5, 2.75, 7.75 ], "texture": "#diamond_sword" },
				"south": { "uv": [ 2.75, 6.25, 3, 6.5 ], "texture": "#diamond_sword" },
				"west": { "uv": [ 4.25, 15.75, 9.5, 16 ], "texture": "#diamond_sword" },
				"east": { "uv": [ 6, 14.25, 0.75, 14.5 ], "texture": "#diamond_sword" }
			}
		},
		{
			"__comment": "Voxels",
			"from": [ 8, 9, 27 ],
			"to": [ 9, 10, 29 ],
			"faces": {
				"down": { "uv": [ 5.25, 0, 5.5, 0.5 ], "texture": "#diamond_sword" },
				"up": { "uv": [ 5.5, 0.5, 5.75, 0 ], "texture": "#diamond_sword" },
				"north": { "uv": [ 5.25, 7, 5, 7.25 ], "texture": "#diamond_sword" },
				"south": { "uv": [ 5, 6.75, 5.25, 7 ], "texture": "#diamond_sword" },
				"west": { "uv": [ 6, 9.75, 6.5, 10 ], "texture": "#diamond_sword" },
				"east": { "uv": [ 7, 9.75, 6.5, 10 ], "texture": "#diamond_sword" }
			}
		},
		{
			"__comment": "Voxels",
			"from": [ 8, 10, -12 ],
			"to": [ 9, 11, -8 ],
			"faces": {
				"down": { "uv": [ 15.75, 14.75, 16, 15.75 ], "texture": "#diamond_sword" },
				"up": { "uv": [ 0.75, 4, 1, 3 ], "texture": "#diamond_sword" },
				"north": { "uv": [ 5.25, 5.5, 5, 5.75 ], "texture": "#diamond_sword" },
				"south": { "uv": [ 5, 5.25, 5.25, 5.5 ], "texture": "#diamond_sword" },
				"west": { "uv": [ 6.5, 10.75, 7.5, 11 ], "texture": "#diamond_sword" },
				"east": { "uv": [ 8.5, 10.75, 7.5, 11 ], "texture": "#diamond_sword" }
			}
		},
		{
			"__comment": "Voxels",
			"from": [ 8, 10, -7 ],
			"to": [ 9, 11, -4 ],
			"faces": {
				"down": { "uv": [ 3.5, 5.25, 3.75, 6 ], "texture": "#diamond_sword" },
				"up": { "uv": [ 3.5, 3.25, 3.75, 2.5 ], "texture": "#diamond_sword" },
				"north": { "uv": [ 5.25, 4, 5, 4.25 ], "texture": "#diamond_sword" },
				"south": { "uv": [ 5, 3.75, 5.25, 4 ], "texture": "#diamond_sword" },
				"west": { "uv": [ 4.25, 3.75, 5, 4 ], "texture": "#diamond_sword" },
				"east": { "uv": [ 5, 3.5, 4.25, 3.75 ], "texture": "#diamond_sword" }
			}
		},
		{
			"__comment": "Voxels",
			"from": [ 8, 13, 18 ],
			"to": [ 12, 14, 20 ],
			"faces": {
				"down": { "uv": [ 4.75, 12.25, 5.75, 12.75 ], "texture": "#diamond_sword" },
				"up": { "uv": [ 5.75, 12.75, 6.75, 12.25 ], "texture": "#diamond_sword" },
				"north": { "uv": [ 11.5, 10.75, 10.5, 11 ], "texture": "#diamond_sword" },
				"south": { "uv": [ 11.5, 10.75, 12.5, 11 ], "texture": "#diamond_sword" },
				"west": { "uv": [ 10.5, 9.75, 11, 10 ], "texture": "#diamond_sword" },
				"east": { "uv": [ 11.5, 9.75, 11, 10 ], "texture": "#diamond_sword" }
			}
		},
		{
			"__comment": "Voxels",
			"from": [ 8, 13, 24 ],
			"to": [ 12, 15, 25 ],
			"faces": {
				"down": { "uv": [ 12.5, 10.75, 13.5, 11 ], "texture": "#diamond_sword" },
				"up": { "uv": [ 13.5, 11, 14.5, 10.75 ], "texture": "#diamond_sword" },
				"north": { "uv": [ 7.75, 12.25, 6.75, 12.75 ], "texture": "#diamond_sword" },
				"south": { "uv": [ 7.75, 12.25, 8.75, 12.75 ], "texture": "#diamond_sword" },
				"west": { "uv": [ 6, 4.75, 6.25, 5.25 ], "texture": "#diamond_sword" },
				"east": { "uv": [ 6.25, 4.25, 6, 4.75 ], "texture": "#diamond_sword" }
			}
		},
		{
			"__comment": "Voxels",
			"from": [ 8, 13, 25 ],
			"to": [ 12, 14, 26 ],
			"faces": {
				"down": { "uv": [ 14.5, 10.75, 15.5, 11 ], "texture": "#diamond_sword" },
				"up": { "uv": [ 4.25, 10.75, 5.25, 10.5 ], "texture": "#diamond_sword" },
				"north": { "uv": [ 5.25, 10.25, 4.25, 10.5 ], "texture": "#diamond_sword" },
				"south": { "uv": [ 4.25, 10, 5.25, 10.25 ], "texture": "#diamond_sword" },
				"west": { "uv": [ 5.75, 7.75, 6, 8 ], "texture": "#diamond_sword" },
				"east": { "uv": [ 6, 6.5, 5.75, 6.75 ], "texture": "#diamond_sword" }
			}
		},
		{
			"__comment": "Voxels",
			"from": [ 8, 14, 19 ],
			"to": [ 12, 15, 20 ],
			"faces": {
				"down": { "uv": [ 4.25, 9.75, 5.25, 10 ], "texture": "#diamond_sword" },
				"up": { "uv": [ 4.25, 9.75, 5.25, 9.5 ], "texture": "#diamond_sword" },
				"north": { "uv": [ 5.25, 9.25, 4.25, 9.5 ], "texture": "#diamond_sword" },
				"south": { "uv": [ 4.25, 9, 5.25, 9.25 ], "texture": "#diamond_sword" },
				"west": { "uv": [ 5.75, 5.25, 6, 5.5 ], "texture": "#diamond_sword" },
				"east": { "uv": [ 6, 5, 5.75, 5.25 ], "texture": "#diamond_sword" }
			}
		},
		{
			"__comment": "Voxels",
			"from": [ 8, 15, 19 ],
			"to": [ 11, 17, 20 ],
			"faces": {
				"down": { "uv": [ 8.25, 10.5, 9, 10.75 ], "texture": "#diamond_sword" },
				"up": { "uv": [ 9, 10.75, 9.75, 10.5 ], "texture": "#diamond_sword" },
				"north": { "uv": [ 3.75, 3.75, 3, 4.25 ], "texture": "#diamond_sword" },
				"south": { "uv": [ 3, 3.25, 3.75, 3.75 ], "texture": "#diamond_sword" },
				"west": { "uv": [ 6, 8.75, 6.25, 9.25 ], "texture": "#diamond_sword" },
				"east": { "uv": [ 6.25, 8.25, 6, 8.75 ], "texture": "#diamond_sword" }
			}
		},
		{
			"__comment": "Voxels",
			"from": [ 8, 15, 24 ],
			"to": [ 11, 17, 25 ],
			"faces": {
				"down": { "uv": [ 9.75, 10.25, 10.5, 10.5 ], "texture": "#diamond_sword" },
				"up": { "uv": [ 10.5, 10.5, 11.25, 10.25 ], "texture": "#diamond_sword" },
				"north": { "uv": [ 3, 0, 2.25, 0.5 ], "texture": "#diamond_sword" },
				"south": { "uv": [ 3, 0.25, 3.75, 0.75 ], "texture": "#diamond_sword" },
				"west": { "uv": [ 6, 7.25, 6.25, 7.75 ], "texture": "#diamond_sword" },
				"east": { "uv": [ 6.25, 6.75, 6, 7.25 ], "texture": "#diamond_sword" }
			}
		},
		{
			"__comment": "Voxels",
			"from": [ 9, 4, 18 ],
			"to": [ 12, 5, 20 ],
			"faces": {
				"down": { "uv": [ 15, 12.25, 15.75, 12.75 ], "texture": "#diamond_sword" },
				"up": { "uv": [ 4.25, 12, 5, 11.5 ], "texture": "#diamond_sword" },
				"north": { "uv": [ 13.5, 10.25, 12.75, 10.5 ], "texture": "#diamond_sword" },
				"south": { "uv": [ 13.5, 10.25, 14.25, 10.5 ], "texture": "#diamond_sword" },
				"west": { "uv": [ 9.5, 9.75, 10, 10 ], "texture": "#diamond_sword" },
				"east": { "uv": [ 10.5, 9.75, 10, 10 ], "texture": "#diamond_sword" }
			}
		},
		{
			"__comment": "Voxels",
			"from": [ 9, 4, 24 ],
			"to": [ 12, 5, 26 ],
			"faces": {
				"down": { "uv": [ 5, 11.5, 5.75, 12 ], "texture": "#diamond_sword" },
				"up": { "uv": [ 5.75, 12, 6.5, 11.5 ], "texture": "#diamond_sword" },
				"north": { "uv": [ 9.75, 10, 9, 10.25 ], "texture": "#diamond_sword" },
				"south": { "uv": [ 12.75, 10, 13.5, 10.25 ], "texture": "#diamond_sword" },
				"west": { "uv": [ 12, 9.75, 12.5, 10 ], "texture": "#diamond_sword" },
				"east": { "uv": [ 13, 9.75, 12.5, 10 ], "texture": "#diamond_sword" }
			}
		},
		{
			"__comment": "Voxels",
			"from": [ 9, 12, 18 ],
			"to": [ 12, 13, 20 ],
			"faces": {
				"down": { "uv": [ 6.5, 11.5, 7.25, 12 ], "texture": "#diamond_sword" },
				"up": { "uv": [ 7.25, 12, 8, 11.5 ], "texture": "#diamond_sword" },
				"north": { "uv": [ 6, 9.5, 5.25, 9.75 ], "texture": "#diamond_sword" },
				"south": { "uv": [ 5.25, 9.25, 6, 9.5 ], "texture": "#diamond_sword" },
				"west": { "uv": [ 14.5, 9.75, 15, 10 ], "texture": "#diamond_sword" },
				"east": { "uv": [ 15.5, 9.75, 15, 10 ], "texture": "#diamond_sword" }
			}
		},
		{
			"__comment": "Voxels",
			"from": [ 9, 12, 24 ],
			"to": [ 12, 13, 26 ],
			"faces": {
				"down": { "uv": [ 8, 11.5, 8.75, 12 ], "texture": "#diamond_sword" },
				"up": { "uv": [ 3, 6.5, 3.75, 6 ], "texture": "#diamond_sword" },
				"north": { "uv": [ 6, 8.75, 5.25, 9 ], "texture": "#diamond_sword" },
				"south": { "uv": [ 5.25, 8.5, 6, 8.75 ], "texture": "#diamond_sword" },
				"west": { "uv": [ 15.5, 9.75, 16, 10 ], "texture": "#diamond_sword" },
				"east": { "uv": [ 6.75, 9.5, 6.25, 9.75 ], "texture": "#diamond_sword" }
			}
		},
		{
			"__comment": "Voxels",
			"from": [ 10, 5, 18 ],
			"to": [ 12, 6, 19 ],
			"faces": {
				"down": { "uv": [ 6.75, 9.5, 7.25, 9.75 ], "texture": "#diamond_sword" },
				"up": { "uv": [ 7.25, 9.75, 7.75, 9.5 ], "texture": "#diamond_sword" },
				"north": { "uv": [ 8.25, 9.5, 7.75, 9.75 ], "texture": "#diamond_sword" },
				"south": { "uv": [ 8.25, 9.5, 8.75, 9.75 ], "texture": "#diamond_sword" },
				"west": { "uv": [ 6.25, 5.75, 6.5, 6 ], "texture": "#diamond_sword" },
				"east": { "uv": [ 6.5, 5.5, 6.25, 5.75 ], "texture": "#diamond_sword" }
			}
		},
		{
			"__comment": "Voxels",
			"from": [ 10, 5, 25 ],
			"to": [ 12, 6, 26 ],
			"faces": {
				"down": { "uv": [ 8.75, 9.5, 9.25, 9.75 ], "texture": "#diamond_sword" },
				"up": { "uv": [ 9.25, 9.75, 9.75, 9.5 ], "texture": "#diamond_sword" },
				"north": { "uv": [ 10.25, 9.5, 9.75, 9.75 ], "texture": "#diamond_sword" },
				"south": { "uv": [ 10.25, 9.5, 10.75, 9.75 ], "texture": "#diamond_sword" },
				"west": { "uv": [ 6.25, 4.25, 6.5, 4.5 ], "texture": "#diamond_sword" },
				"east": { "uv": [ 6.5, 4, 6.25, 4.25 ], "texture": "#diamond_sword" }
			}
		},
		{
			"__comment": "Voxels",
			"from": [ 10, 11, 18 ],
			"to": [ 12, 12, 19 ],
			"faces": {
				"down": { "uv": [ 10.75, 9.5, 11.25, 9.75 ], "texture": "#diamond_sword" },
				"up": { "uv": [ 11.25, 9.75, 11.75, 9.5 ], "texture": "#diamond_sword" },
				"north": { "uv": [ 12.25, 9.5, 11.75, 9.75 ], "texture": "#diamond_sword" },
				"south": { "uv": [ 12.25, 9.5, 12.75, 9.75 ], "texture": "#diamond_sword" },
				"west": { "uv": [ 6.25, 2.75, 6.5, 3 ], "texture": "#diamond_sword" },
				"east": { "uv": [ 6.5, 2.5, 6.25, 2.75 ], "texture": "#diamond_sword" }
			}
		},
		{
			"__comment": "Voxels",
			"from": [ 10, 11, 25 ],
			"to": [ 12, 12, 26 ],
			"faces": {
				"down": { "uv": [ 12.75, 9.5, 13.25, 9.75 ], "texture": "#diamond_sword" },
				"up": { "uv": [ 13.25, 9.75, 13.75, 9.5 ], "texture": "#diamond_sword" },
				"north": { "uv": [ 14.25, 9.5, 13.75, 9.75 ], "texture": "#diamond_sword" },
				"south": { "uv": [ 14.25, 9.5, 14.75, 9.75 ], "texture": "#diamond_sword" },
				"west": { "uv": [ 6.25, 1.25, 6.5, 1.5 ], "texture": "#diamond_sword" },
				"east": { "uv": [ 6.5, 1, 6.25, 1.25 ], "texture": "#diamond_sword" }
			}
		},
		{
			"__comment": "Voxels",
			"from": [ 11, 5, 19 ],
			"to": [ 12, 6, 20 ],
			"faces": {
				"down": { "uv": [ 6.25, 0.75, 6.5, 1 ], "texture": "#diamond_sword" },
				"up": { "uv": [ 6.25, 0.75, 6.5, 0.5 ], "texture": "#diamond_sword" },
				"north": { "uv": [ 6.5, 0.25, 6.25, 0.5 ], "texture": "#diamond_sword" },
				"south": { "uv": [ 6.25, 0, 6.5, 0.25 ], "texture": "#diamond_sword" },
				"west": { "uv": [ 6.5, 9.25, 6.75, 9.5 ], "texture": "#diamond_sword" },
				"east": { "uv": [ 7, 9.25, 6.75, 9.5 ], "texture": "#diamond_sword" }
			}
		},
		{
			"__comment": "Voxels",
			"from": [ 11, 5, 24 ],
			"to": [ 12, 6, 25 ],
			"faces": {
				"down": { "uv": [ 7, 9.25, 7.25, 9.5 ], "texture": "#diamond_sword" },
				"up": { "uv": [ 7.25, 9.5, 7.5, 9.25 ], "texture": "#diamond_sword" },
				"north": { "uv": [ 7.75, 9.25, 7.5, 9.5 ], "texture": "#diamond_sword" },
				"south": { "uv": [ 7.75, 9.25, 8, 9.5 ], "texture": "#diamond_sword" },
				"west": { "uv": [ 8, 9.25, 8.25, 9.5 ], "texture": "#diamond_sword" },
				"east": { "uv": [ 8.5, 9.25, 8.25, 9.5 ], "texture": "#diamond_sword" }
			}
		},
		{
			"__comment": "Voxels",
			"from": [ 11, 11, 19 ],
			"to": [ 12, 12, 20 ],
			"faces": {
				"down": { "uv": [ 8.5, 9.25, 8.75, 9.5 ], "texture": "#diamond_sword" },
				"up": { "uv": [ 8.75, 9.5, 9, 9.25 ], "texture": "#diamond_sword" },
				"north": { "uv": [ 9.25, 9.25, 9, 9.5 ], "texture": "#diamond_sword" },
				"south": { "uv": [ 9.25, 9.25, 9.5, 9.5 ], "texture": "#diamond_sword" },
				"west": { "uv": [ 9.5, 9.25, 9.75, 9.5 ], "texture": "#diamond_sword" },
				"east": { "uv": [ 10, 9.25, 9.75, 9.5 ], "texture": "#diamond_sword" }
			}
		},
		{
			"__comment": "Voxels",
			"from": [ 11, 11, 24 ],
			"to": [ 12, 12, 25 ],
			"faces": {
				"down": { "uv": [ 10, 9.25, 10.25, 9.5 ], "texture": "#diamond_sword" },
				"up": { "uv": [ 10.25, 9.5, 10.5, 9.25 ], "texture": "#diamond_sword" },
				"north": { "uv": [ 10.75, 9.25, 10.5, 9.5 ], "texture": "#diamond_sword" },
				"south": { "uv": [ 10.75, 9.25, 11, 9.5 ], "texture": "#diamond_sword" },
				"west": { "uv": [ 11, 9.25, 11.25, 9.5 ], "texture": "#diamond_sword" },
				"east": { "uv": [ 11.5, 9.25, 11.25, 9.5 ], "texture": "#diamond_sword" }
			}
		}
	],
	"display": {
		"thirdperson_righthand": {
			"rotation":  [ -90, 0, 0 ],
			"translation":  [ 0, 3, 2.3 ],
			"scale":  [ 0.8, 0.8, 0.8 ]
		},
		"thirdperson_lefthand": {
			"rotation":  [ -90, 0, 0 ],
			"translation":  [ 0.5, 3, 2.3 ],
			"scale":  [ 0.8, 0.8, 0.8 ]
		},
		"firstperson_righthand": {
			"rotation":  [ -108, 2, 10 ],
			"translation":  [ 6.2608, 0.5219, -9.391 ],
			"scale":  [ 0.8, 0.8, 0.8 ]
		},
		"firstperson_lefthand": {
			"rotation":  [ -110, 22, 15 ],
			"translation":  [ 4, 4, -8 ],
			"scale":  [ 1.1, 1.1, 1.1 ]
		},
		"gui": {
			"rotation":  [ 90, 135, 90 ],
			"translation":  [ -0.4, -0.3, 0 ],
			"scale":  [ 0.4, 0.4, 0.4 ]
		},
		"ground": {
			"rotation":  [ -90, 0, 90 ],
			"translation":  [ 0, 9.7375, 0 ],
			"scale":  [ 0.6, 0.6, 0.6 ]
		},
		"fixed": {
			"rotation":  [ -90, 0, 90 ],
			"translation":  [ 1.5, 2, 0 ],
			"scale":  [ 3, 3, 3 ]
		}
	}
}