{
	"__comment": "Designed by Cm@BlackSpigotMC with Cubik Studio - https://cubik.studio",
	"textures": {
		"mesh_atlas": "items/models/scythe_1"
	},
	"elements": [
		{
			"__comment": "Voxels",
			"from": [ 7.5, 8, 8 ],
			"to": [ 8.125, 8.125, 8.125 ],
			"faces": {
				"down": { "uv": [ 7.25, 11, 8.5, 11.25 ], "texture": "#mesh_atlas" },
				"up": { "uv": [ 6, 11.25, 7.25, 11 ], "texture": "#mesh_atlas" },
				"north": { "uv": [ 13.5, 11.25, 12.25, 11.5 ], "texture": "#mesh_atlas" },
				"south": { "uv": [ 13.5, 11.25, 14.75, 11.5 ], "texture": "#mesh_atlas" },
				"west": { "uv": [ 6.5, 9, 6.75, 9.25 ], "texture": "#mesh_atlas" },
				"east": { "uv": [ 6.5, 6.75, 6.25, 7 ], "texture": "#mesh_atlas" }
			}
		},
		{
			"__comment": "Voxels",
			"from": [ 7.625, 8, 7.875 ],
			"to": [ 8, 8.125, 8 ],
			"faces": {
				"down": { "uv": [ 7.25, 10.25, 8, 10.5 ], "texture": "#mesh_atlas" },
				"up": { "uv": [ 8, 10.5, 8.75, 10.25 ], "texture": "#mesh_atlas" },
				"north": { "uv": [ 9.5, 10.25, 8.75, 10.5 ], "texture": "#mesh_atlas" },
				"south": { "uv": [ 9.5, 10.25, 10.25, 10.5 ], "texture": "#mesh_atlas" },
				"west": { "uv": [ 6.25, 6.5, 6.5, 6.75 ], "texture": "#mesh_atlas" },
				"east": { "uv": [ 6.5, 4.75, 6.25, 5 ], "texture": "#mesh_atlas" }
			}
		},
		{
			"__comment": "Voxels",
			"from": [ 7.625, 8.125, 8 ],
			"to": [ 8.125, 8.25, 8.125 ],
			"faces": {
				"down": { "uv": [ 4.75, 10.5, 5.75, 10.75 ], "texture": "#mesh_atlas" },
				"up": { "uv": [ 5.75, 10.75, 6.75, 10.5 ], "texture": "#mesh_atlas" },
				"north": { "uv": [ 9.75, 10.5, 8.75, 10.75 ], "texture": "#mesh_atlas" },
				"south": { "uv": [ 9.75, 10.5, 10.75, 10.75 ], "texture": "#mesh_atlas" },
				"west": { "uv": [ 6.25, 4.5, 6.5, 4.75 ], "texture": "#mesh_atlas" },
				"east": { "uv": [ 6.5, 3.25, 6.25, 3.5 ], "texture": "#mesh_atlas" }
			}
		},
		{
			"__comment": "Voxels",
			"from": [ 7.625, 11.875, 8 ],
			"to": [ 8.125, 12.625, 8.125 ],
			"faces": {
				"down": { "uv": [ 10.75, 10.5, 11.75, 10.75 ], "texture": "#mesh_atlas" },
				"up": { "uv": [ 11.75, 10.75, 12.75, 10.5 ], "texture": "#mesh_atlas" },
				"north": { "uv": [ 1.75, 13, 0.75, 14.5 ], "texture": "#mesh_atlas" },
				"south": { "uv": [ 0.75, 11.5, 1.75, 13 ], "texture": "#mesh_atlas" },
				"west": { "uv": [ 3.5, 3, 3.75, 4.5 ], "texture": "#mesh_atlas" },
				"east": { "uv": [ 4, 3, 3.75, 4.5 ], "texture": "#mesh_atlas" }
			}
		},
		{
			"__comment": "Voxels",
			"from": [ 7.625, 14.875, 8 ],
			"to": [ 10.875, 15, 8.125 ],
			"faces": {
				"down": { "uv": [ 7.25, 15.5, 13.75, 15.75 ], "texture": "#mesh_atlas" },
				"up": { "uv": [ 0.75, 15.5, 7.25, 15.25 ], "texture": "#mesh_atlas" },
				"north": { "uv": [ 7.25, 15.75, 0.75, 16 ], "texture": "#mesh_atlas" },
				"south": { "uv": [ 7.25, 15, 13.75, 15.25 ], "texture": "#mesh_atlas" },
				"west": { "uv": [ 6.25, 3, 6.5, 3.25 ], "texture": "#mesh_atlas" },
				"east": { "uv": [ 6.5, 2.75, 6.25, 3 ], "texture": "#mesh_atlas" }
			}
		},
		{
			"__comment": "Voxels",
			"from": [ 7.75, 8.125, 7.875 ],
			"to": [ 8, 8.25, 8 ],
			"faces": {
				"down": { "uv": [ 6.75, 10, 7.25, 10.25 ], "texture": "#mesh_atlas" },
				"up": { "uv": [ 7.25, 10.25, 7.75, 10 ], "texture": "#mesh_atlas" },
				"north": { "uv": [ 8.25, 10, 7.75, 10.25 ], "texture": "#mesh_atlas" },
				"south": { "uv": [ 8.25, 10, 8.75, 10.25 ], "texture": "#mesh_atlas" },
				"west": { "uv": [ 6.25, 2.5, 6.5, 2.75 ], "texture": "#mesh_atlas" },
				"east": { "uv": [ 6.75, 9.25, 6.5, 9.5 ], "texture": "#mesh_atlas" }
			}
		},
		{
			"__comment": "Voxels",
			"from": [ 7.75, 8.125, 8.125 ],
			"to": [ 8, 8.25, 8.25 ],
			"faces": {
				"down": { "uv": [ 9.75, 10, 10.25, 10.25 ], "texture": "#mesh_atlas" },
				"up": { "uv": [ 10.25, 10.25, 10.75, 10 ], "texture": "#mesh_atlas" },
				"north": { "uv": [ 11.25, 10, 10.75, 10.25 ], "texture": "#mesh_atlas" },
				"south": { "uv": [ 11.25, 10, 11.75, 10.25 ], "texture": "#mesh_atlas" },
				"west": { "uv": [ 6.75, 9.25, 7, 9.5 ], "texture": "#mesh_atlas" },
				"east": { "uv": [ 7.25, 9.25, 7, 9.5 ], "texture": "#mesh_atlas" }
			}
		},
		{
			"__comment": "Voxels",
			"from": [ 7.75, 8.25, 8 ],
			"to": [ 8.125, 8.5, 8.125 ],
			"faces": {
				"down": { "uv": [ 4.75, 9.25, 5.5, 9.5 ], "texture": "#mesh_atlas" },
				"up": { "uv": [ 4.75, 9.25, 5.5, 9 ], "texture": "#mesh_atlas" },
				"north": { "uv": [ 4, 5.25, 3.25, 5.75 ], "texture": "#mesh_atlas" },
				"south": { "uv": [ 3.25, 1.5, 4, 2 ], "texture": "#mesh_atlas" },
				"west": { "uv": [ 5.5, 7.75, 5.75, 8.25 ], "texture": "#mesh_atlas" },
				"east": { "uv": [ 5.75, 7.25, 5.5, 7.75 ], "texture": "#mesh_atlas" }
			}
		},
		{
			"__comment": "Voxels",
			"from": [ 7.75, 11.25, 8 ],
			"to": [ 8.25, 11.625, 8.125 ],
			"faces": {
				"down": { "uv": [ 14.75, 10.5, 15.75, 10.75 ], "texture": "#mesh_atlas" },
				"up": { "uv": [ 13.75, 10.75, 14.75, 10.5 ], "texture": "#mesh_atlas" },
				"north": { "uv": [ 1.75, 5, 0.75, 5.75 ], "texture": "#mesh_atlas" },
				"south": { "uv": [ 0.75, 4.25, 1.75, 5 ], "texture": "#mesh_atlas" },
				"west": { "uv": [ 4.5, 0, 4.75, 0.75 ], "texture": "#mesh_atlas" },
				"east": { "uv": [ 5, 8.25, 4.75, 9 ], "texture": "#mesh_atlas" }
			}
		},
		{
			"__comment": "Voxels",
			"from": [ 7.75, 11.625, 8 ],
			"to": [ 8.125, 11.875, 8.125 ],
			"faces": {
				"down": { "uv": [ 4.75, 8, 5.5, 8.25 ], "texture": "#mesh_atlas" },
				"up": { "uv": [ 4.75, 8, 5.5, 7.75 ], "texture": "#mesh_atlas" },
				"north": { "uv": [ 4, 2, 3.25, 2.5 ], "texture": "#mesh_atlas" },
				"south": { "uv": [ 3.25, 2.5, 4, 3 ], "texture": "#mesh_atlas" },
				"west": { "uv": [ 5.5, 6.75, 5.75, 7.25 ], "texture": "#mesh_atlas" },
				"east": { "uv": [ 5.75, 6.25, 5.5, 6.75 ], "texture": "#mesh_atlas" }
			}
		},
		{
			"__comment": "Voxels",
			"from": [ 7.75, 11.875, 7.875 ],
			"to": [ 8, 12.625, 8 ],
			"faces": {
				"down": { "uv": [ 11.75, 10, 12.25, 10.25 ], "texture": "#mesh_atlas" },
				"up": { "uv": [ 12.25, 10.25, 12.75, 10 ], "texture": "#mesh_atlas" },
				"north": { "uv": [ 1.25, 2.75, 0.75, 4.25 ], "texture": "#mesh_atlas" },
				"south": { "uv": [ 1.25, 2.75, 1.75, 4.25 ], "texture": "#mesh_atlas" },
				"west": { "uv": [ 2.75, 0, 3, 1.5 ], "texture": "#mesh_atlas" },
				"east": { "uv": [ 4.25, 8.25, 4, 9.75 ], "texture": "#mesh_atlas" }
			}
		},
		{
			"__comment": "Voxels",
			"from": [ 7.75, 11.875, 8.125 ],
			"to": [ 8, 12.5, 8.25 ],
			"faces": {
				"down": { "uv": [ 12.75, 10, 13.25, 10.25 ], "texture": "#mesh_atlas" },
				"up": { "uv": [ 13.25, 10.25, 13.75, 10 ], "texture": "#mesh_atlas" },
				"north": { "uv": [ 3, 10.75, 2.5, 12 ], "texture": "#mesh_atlas" },
				"south": { "uv": [ 2.5, 9.5, 3, 10.75 ], "texture": "#mesh_atlas" },
				"west": { "uv": [ 1.5, 10.25, 1.75, 11.5 ], "texture": "#mesh_atlas" },
				"east": { "uv": [ 4.25, 2.75, 4, 4 ], "texture": "#mesh_atlas" }
			}
		},
		{
			"__comment": "Voxels",
			"from": [ 7.75, 12.625, 8 ],
			"to": [ 8.125, 14, 8.125 ],
			"faces": {
				"down": { "uv": [ 4.75, 10, 5.5, 10.25 ], "texture": "#mesh_atlas" },
				"up": { "uv": [ 4.75, 6.25, 5.5, 6 ], "texture": "#mesh_atlas" },
				"north": { "uv": [ 0.75, 10.5, 0, 13.25 ], "texture": "#mesh_atlas" },
				"south": { "uv": [ 0, 13.25, 0.75, 16 ], "texture": "#mesh_atlas" },
				"west": { "uv": [ 1.75, 1, 2, 3.75 ], "texture": "#mesh_atlas" },
				"east": { "uv": [ 2.25, 9.25, 2, 12 ], "texture": "#mesh_atlas" }
			}
		},
		{
			"__comment": "Voxels",
			"from": [ 7.75, 13.625, 8.125 ],
			"to": [ 8.125, 13.75, 8.25 ],
			"faces": {
				"down": { "uv": [ 4.75, 5.75, 5.5, 6 ], "texture": "#mesh_atlas" },
				"up": { "uv": [ 4.75, 5.75, 5.5, 5.5 ], "texture": "#mesh_atlas" },
				"north": { "uv": [ 5.5, 5.25, 4.75, 5.5 ], "texture": "#mesh_atlas" },
				"south": { "uv": [ 4.75, 5, 5.5, 5.25 ], "texture": "#mesh_atlas" },
				"west": { "uv": [ 7.25, 9.25, 7.5, 9.5 ], "texture": "#mesh_atlas" },
				"east": { "uv": [ 10.75, 9.25, 10.5, 9.5 ], "texture": "#mesh_atlas" }
			}
		},
		{
			"__comment": "Voxels",
			"from": [ 7.75, 14.5, 8 ],
			"to": [ 9.5, 14.625, 8.125 ],
			"faces": {
				"down": { "uv": [ 8.75, 12, 12.25, 12.25 ], "texture": "#mesh_atlas" },
				"up": { "uv": [ 5.25, 12.25, 8.75, 12 ], "texture": "#mesh_atlas" },
				"north": { "uv": [ 5.25, 12, 1.75, 12.25 ], "texture": "#mesh_atlas" },
				"south": { "uv": [ 9.25, 12.25, 12.75, 12.5 ], "texture": "#mesh_atlas" },
				"west": { "uv": [ 10.75, 9.25, 11, 9.5 ], "texture": "#mesh_atlas" },
				"east": { "uv": [ 12, 9.25, 11.75, 9.5 ], "texture": "#mesh_atlas" }
			}
		},
		{
			"__comment": "Voxels",
			"from": [ 7.75, 14.75, 8 ],
			"to": [ 11, 14.875, 8.125 ],
			"faces": {
				"down": { "uv": [ 7.25, 15.75, 13.75, 16 ], "texture": "#mesh_atlas" },
				"up": { "uv": [ 0.75, 15.75, 7.25, 15.5 ], "texture": "#mesh_atlas" },
				"north": { "uv": [ 13.75, 15.25, 7.25, 15.5 ], "texture": "#mesh_atlas" },
				"south": { "uv": [ 0.75, 14.75, 7.25, 15 ], "texture": "#mesh_atlas" },
				"west": { "uv": [ 12, 9.25, 12.25, 9.5 ], "texture": "#mesh_atlas" },
				"east": { "uv": [ 12.5, 9.25, 12.25, 9.5 ], "texture": "#mesh_atlas" }
			}
		},
		{
			"__comment": "Voxels",
			"from": [ 7.75, 15, 8 ],
			"to": [ 10.625, 15.125, 8.125 ],
			"faces": {
				"down": { "uv": [ 7.5, 14, 13.25, 14.25 ], "texture": "#mesh_atlas" },
				"up": { "uv": [ 1.75, 14.25, 7.5, 14 ], "texture": "#mesh_atlas" },
				"north": { "uv": [ 13.25, 14.25, 7.5, 14.5 ], "texture": "#mesh_atlas" },
				"south": { "uv": [ 1.75, 14.25, 7.5, 14.5 ], "texture": "#mesh_atlas" },
				"west": { "uv": [ 15, 9.25, 15.25, 9.5 ], "texture": "#mesh_atlas" },
				"east": { "uv": [ 15.5, 9.25, 15.25, 9.5 ], "texture": "#mesh_atlas" }
			}
		},
		{
			"__comment": "Voxels",
			"from": [ 7.875, 8.25, 7.875 ],
			"to": [ 8, 8.5, 8 ],
			"faces": {
				"down": { "uv": [ 15.5, 9.25, 15.75, 9.5 ], "texture": "#mesh_atlas" },
				"up": { "uv": [ 15.75, 9.5, 16, 9.25 ], "texture": "#mesh_atlas" },
				"north": { "uv": [ 5.75, 9.75, 5.5, 10.25 ], "texture": "#mesh_atlas" },
				"south": { "uv": [ 5.5, 4.25, 5.75, 4.75 ], "texture": "#mesh_atlas" },
				"west": { "uv": [ 5.5, 3.75, 5.75, 4.25 ], "texture": "#mesh_atlas" },
				"east": { "uv": [ 5.75, 3.25, 5.5, 3.75 ], "texture": "#mesh_atlas" }
			}
		},
		{
			"__comment": "Voxels",
			"from": [ 7.875, 8.25, 8.125 ],
			"to": [ 8, 8.5, 8.25 ],
			"faces": {
				"down": { "uv": [ 6.5, 8.75, 6.75, 9 ], "texture": "#mesh_atlas" },
				"up": { "uv": [ 6.5, 8.75, 6.75, 8.5 ], "texture": "#mesh_atlas" },
				"north": { "uv": [ 5.75, 1.75, 5.5, 2.25 ], "texture": "#mesh_atlas" },
				"south": { "uv": [ 5.5, 1.25, 5.75, 1.75 ], "texture": "#mesh_atlas" },
				"west": { "uv": [ 5.5, 0.75, 5.75, 1.25 ], "texture": "#mesh_atlas" },
				"east": { "uv": [ 5.75, 0.25, 5.5, 0.75 ], "texture": "#mesh_atlas" }
			}
		},
		{
			"__comment": "Voxels",
			"from": [ 7.875, 8.5, 8 ],
			"to": [ 8.25, 9.25, 8.125 ],
			"faces": {
				"down": { "uv": [ 4.75, 0.25, 5.5, 0.5 ], "texture": "#mesh_atlas" },
				"up": { "uv": [ 5.75, 10.5, 6.5, 10.25 ], "texture": "#mesh_atlas" },
				"north": { "uv": [ 0.75, 3.5, 0, 5 ], "texture": "#mesh_atlas" },
				"south": { "uv": [ 0, 5, 0.75, 6.5 ], "texture": "#mesh_atlas" },
				"west": { "uv": [ 3, 1.5, 3.25, 3 ], "texture": "#mesh_atlas" },
				"east": { "uv": [ 3.5, 0, 3.25, 1.5 ], "texture": "#mesh_atlas" }
			}
		},
		{
			"__comment": "Voxels",
			"from": [ 7.875, 10.25, 8 ],
			"to": [ 8.375, 10.5, 8.125 ],
			"faces": {
				"down": { "uv": [ 7.75, 10.5, 8.75, 10.75 ], "texture": "#mesh_atlas" },
				"up": { "uv": [ 12.75, 10.75, 13.75, 10.5 ], "texture": "#mesh_atlas" },
				"north": { "uv": [ 4, 11, 3, 11.5 ], "texture": "#mesh_atlas" },
				"south": { "uv": [ 3, 10.5, 4, 11 ], "texture": "#mesh_atlas" },
				"west": { "uv": [ 5.75, 9.25, 6, 9.75 ], "texture": "#mesh_atlas" },
				"east": { "uv": [ 6, 8.75, 5.75, 9.25 ], "texture": "#mesh_atlas" }
			}
		},
		{
			"__comment": "Voxels",
			"from": [ 7.875, 10.5, 8 ],
			"to": [ 8.25, 11.25, 8.125 ],
			"faces": {
				"down": { "uv": [ 11, 10.25, 11.75, 10.5 ], "texture": "#mesh_atlas" },
				"up": { "uv": [ 11.75, 10.5, 12.5, 10.25 ], "texture": "#mesh_atlas" },
				"north": { "uv": [ 0.75, 0.5, 0, 2 ], "texture": "#mesh_atlas" },
				"south": { "uv": [ 0, 2, 0.75, 3.5 ], "texture": "#mesh_atlas" },
				"west": { "uv": [ 3.75, 0, 4, 1.5 ], "texture": "#mesh_atlas" },
				"east": { "uv": [ 4.25, 9.75, 4, 11.25 ], "texture": "#mesh_atlas" }
			}
		},
		{
			"__comment": "Voxels",
			"from": [ 7.875, 11.25, 7.875 ],
			"to": [ 8.125, 11.625, 8 ],
			"faces": {
				"down": { "uv": [ 7.75, 9.75, 8.25, 10 ], "texture": "#mesh_atlas" },
				"up": { "uv": [ 8.25, 10, 8.75, 9.75 ], "texture": "#mesh_atlas" },
				"north": { "uv": [ 4.75, 10.5, 4.25, 11.25 ], "texture": "#mesh_atlas" },
				"south": { "uv": [ 4.25, 9.75, 4.75, 10.5 ], "texture": "#mesh_atlas" },
				"west": { "uv": [ 3.75, 5.75, 4, 6.5 ], "texture": "#mesh_atlas" },
				"east": { "uv": [ 4.25, 0, 4, 0.75 ], "texture": "#mesh_atlas" }
			}
		},
		{
			"__comment": "Voxels",
			"from": [ 7.875, 11.25, 8.125 ],
			"to": [ 8.125, 11.625, 8.25 ],
			"faces": {
				"down": { "uv": [ 12.5, 9.5, 13, 9.75 ], "texture": "#mesh_atlas" },
				"up": { "uv": [ 12, 9.75, 12.5, 9.5 ], "texture": "#mesh_atlas" },
				"north": { "uv": [ 4, 4.5, 3.5, 5.25 ], "texture": "#mesh_atlas" },
				"south": { "uv": [ 4.25, 9, 4.75, 9.75 ], "texture": "#mesh_atlas" },
				"west": { "uv": [ 4.5, 3.25, 4.75, 4 ], "texture": "#mesh_atlas" },
				"east": { "uv": [ 4.5, 2.25, 4.25, 3 ], "texture": "#mesh_atlas" }
			}
		},
		{
			"__comment": "Voxels",
			"from": [ 7.875, 11.625, 7.875 ],
			"to": [ 8, 11.875, 8 ],
			"faces": {
				"down": { "uv": [ 13.25, 9, 13.5, 9.25 ], "texture": "#mesh_atlas" },
				"up": { "uv": [ 13, 9.25, 13.25, 9 ], "texture": "#mesh_atlas" },
				"north": { "uv": [ 6.25, 3, 6, 3.5 ], "texture": "#mesh_atlas" },
				"south": { "uv": [ 6, 3.5, 6.25, 4 ], "texture": "#mesh_atlas" },
				"west": { "uv": [ 6, 4, 6.25, 4.5 ], "texture": "#mesh_atlas" },
				"east": { "uv": [ 6.25, 4.5, 6, 5 ], "texture": "#mesh_atlas" }
			}
		},
		{
			"__comment": "Voxels",
			"from": [ 7.875, 11.625, 8.125 ],
			"to": [ 8, 11.875, 8.25 ],
			"faces": {
				"down": { "uv": [ 9.25, 9, 9.5, 9.25 ], "texture": "#mesh_atlas" },
				"up": { "uv": [ 9, 9.25, 9.25, 9 ], "texture": "#mesh_atlas" },
				"north": { "uv": [ 6.25, 5, 6, 5.5 ], "texture": "#mesh_atlas" },
				"south": { "uv": [ 6, 5.5, 6.25, 6 ], "texture": "#mesh_atlas" },
				"west": { "uv": [ 6, 6, 6.25, 6.5 ], "texture": "#mesh_atlas" },
				"east": { "uv": [ 6.25, 6.5, 6, 7 ], "texture": "#mesh_atlas" }
			}
		},
		{
			"__comment": "Voxels",
			"from": [ 7.875, 12.5, 8.125 ],
			"to": [ 8, 13.625, 8.25 ],
			"faces": {
				"down": { "uv": [ 6.5, 2.25, 6.75, 2.5 ], "texture": "#mesh_atlas" },
				"up": { "uv": [ 6.5, 2.75, 6.75, 2.5 ], "texture": "#mesh_atlas" },
				"north": { "uv": [ 2.5, 4.75, 2.25, 7 ], "texture": "#mesh_atlas" },
				"south": { "uv": [ 2.25, 2.5, 2.5, 4.75 ], "texture": "#mesh_atlas" },
				"west": { "uv": [ 2.25, 0.25, 2.5, 2.5 ], "texture": "#mesh_atlas" },
				"east": { "uv": [ 2.75, 7.25, 2.5, 9.5 ], "texture": "#mesh_atlas" }
			}
		},
		{
			"__comment": "Voxels",
			"from": [ 7.875, 12.625, 7.875 ],
			"to": [ 8, 14.25, 8 ],
			"faces": {
				"down": { "uv": [ 6.5, 4.75, 6.75, 5 ], "texture": "#mesh_atlas" },
				"up": { "uv": [ 6.5, 5.25, 6.75, 5 ], "texture": "#mesh_atlas" },
				"north": { "uv": [ 1.75, 5.75, 1.5, 9 ], "texture": "#mesh_atlas" },
				"south": { "uv": [ 1.25, 5.75, 1.5, 9 ], "texture": "#mesh_atlas" },
				"west": { "uv": [ 1, 5.75, 1.25, 9 ], "texture": "#mesh_atlas" },
				"east": { "uv": [ 1, 5.75, 0.75, 9 ], "texture": "#mesh_atlas" }
			}
		},
		{
			"__comment": "Voxels",
			"from": [ 7.875, 13.75, 8.125 ],
			"to": [ 8.125, 14, 8.25 ],
			"faces": {
				"down": { "uv": [ 9.5, 9.5, 10, 9.75 ], "texture": "#mesh_atlas" },
				"up": { "uv": [ 9, 9.75, 9.5, 9.5 ], "texture": "#mesh_atlas" },
				"north": { "uv": [ 4.75, 8.5, 4.25, 9 ], "texture": "#mesh_atlas" },
				"south": { "uv": [ 4.25, 8, 4.75, 8.5 ], "texture": "#mesh_atlas" },
				"west": { "uv": [ 6, 8.5, 6.25, 9 ], "texture": "#mesh_atlas" },
				"east": { "uv": [ 6.25, 9, 6, 9.5 ], "texture": "#mesh_atlas" }
			}
		},
		{
			"__comment": "Voxels",
			"from": [ 7.875, 13.875, 7.75 ],
			"to": [ 8, 14, 7.875 ],
			"faces": {
				"down": { "uv": [ 14.25, 9.25, 14.5, 9.5 ], "texture": "#mesh_atlas" },
				"up": { "uv": [ 14, 9.5, 14.25, 9.25 ], "texture": "#mesh_atlas" },
				"north": { "uv": [ 14, 9.25, 13.75, 9.5 ], "texture": "#mesh_atlas" },
				"south": { "uv": [ 13.5, 9.25, 13.75, 9.5 ], "texture": "#mesh_atlas" },
				"west": { "uv": [ 11.25, 9.25, 11.5, 9.5 ], "texture": "#mesh_atlas" },
				"east": { "uv": [ 11.25, 9.25, 11, 9.5 ], "texture": "#mesh_atlas" }
			}
		},
		{
			"__comment": "Voxels",
			"from": [ 7.875, 13.875, 8.25 ],
			"to": [ 8, 14, 8.375 ],
			"faces": {
				"down": { "uv": [ 8.25, 9.25, 8.5, 9.5 ], "texture": "#mesh_atlas" },
				"up": { "uv": [ 8, 9.5, 8.25, 9.25 ], "texture": "#mesh_atlas" },
				"north": { "uv": [ 8, 9.25, 7.75, 9.5 ], "texture": "#mesh_atlas" },
				"south": { "uv": [ 7.5, 9.25, 7.75, 9.5 ], "texture": "#mesh_atlas" },
				"west": { "uv": [ 6.25, 1, 6.5, 1.25 ], "texture": "#mesh_atlas" },
				"east": { "uv": [ 6.5, 1.25, 6.25, 1.5 ], "texture": "#mesh_atlas" }
			}
		},
		{
			"__comment": "Voxels",
			"from": [ 7.875, 14, 8 ],
			"to": [ 8.5, 14.5, 8.125 ],
			"faces": {
				"down": { "uv": [ 14.75, 11.25, 16, 11.5 ], "texture": "#mesh_atlas" },
				"up": { "uv": [ 4.75, 11.25, 6, 11 ], "texture": "#mesh_atlas" },
				"north": { "uv": [ 4.25, 13, 3, 14 ], "texture": "#mesh_atlas" },
				"south": { "uv": [ 1.75, 13, 3, 14 ], "texture": "#mesh_atlas" },
				"west": { "uv": [ 1.75, 0, 2, 1 ], "texture": "#mesh_atlas" },
				"east": { "uv": [ 4.25, 1.75, 4, 2.75 ], "texture": "#mesh_atlas" }
			}
		},
		{
			"__comment": "Voxels",
			"from": [ 7.875, 14.25, 8.125 ],
			"to": [ 8, 14.5, 8.25 ],
			"faces": {
				"down": { "uv": [ 6.25, 1.5, 6.5, 1.75 ], "texture": "#mesh_atlas" },
				"up": { "uv": [ 6.25, 2, 6.5, 1.75 ], "texture": "#mesh_atlas" },
				"north": { "uv": [ 6, 2.75, 5.75, 3.25 ], "texture": "#mesh_atlas" },
				"south": { "uv": [ 5.75, 3.25, 6, 3.75 ], "texture": "#mesh_atlas" },
				"west": { "uv": [ 5.75, 3.75, 6, 4.25 ], "texture": "#mesh_atlas" },
				"east": { "uv": [ 6, 4.25, 5.75, 4.75 ], "texture": "#mesh_atlas" }
			}
		},
		{
			"__comment": "Voxels",
			"from": [ 7.875, 14.375, 7.875 ],
			"to": [ 8.5, 14.5, 8 ],
			"faces": {
				"down": { "uv": [ 8.5, 11, 9.75, 11.25 ], "texture": "#mesh_atlas" },
				"up": { "uv": [ 9.75, 11.25, 11, 11 ], "texture": "#mesh_atlas" },
				"north": { "uv": [ 12.25, 11, 11, 11.25 ], "texture": "#mesh_atlas" },
				"south": { "uv": [ 12.25, 11, 13.5, 11.25 ], "texture": "#mesh_atlas" },
				"west": { "uv": [ 6.25, 3.5, 6.5, 3.75 ], "texture": "#mesh_atlas" },
				"east": { "uv": [ 6.5, 3.75, 6.25, 4 ], "texture": "#mesh_atlas" }
			}
		},
		{
			"__comment": "Voxels",
			"from": [ 7.875, 14.625, 8 ],
			"to": [ 11.125, 14.75, 8.125 ],
			"faces": {
				"down": { "uv": [ 7.25, 14.75, 13.75, 15 ], "texture": "#mesh_atlas" },
				"up": { "uv": [ 0.75, 14.75, 7.25, 14.5 ], "texture": "#mesh_atlas" },
				"north": { "uv": [ 7.25, 15, 0.75, 15.25 ], "texture": "#mesh_atlas" },
				"south": { "uv": [ 7.25, 14.5, 13.75, 14.75 ], "texture": "#mesh_atlas" },
				"west": { "uv": [ 6.25, 4, 6.5, 4.25 ], "texture": "#mesh_atlas" },
				"east": { "uv": [ 6.5, 4.25, 6.25, 4.5 ], "texture": "#mesh_atlas" }
			}
		},
		{
			"__comment": "Voxels",
			"from": [ 7.875, 15.125, 8 ],
			"to": [ 10.375, 15.25, 8.125 ],
			"faces": {
				"down": { "uv": [ 4.25, 13.75, 9.25, 14 ], "texture": "#mesh_atlas" },
				"up": { "uv": [ 4.25, 13.75, 9.25, 13.5 ], "texture": "#mesh_atlas" },
				"north": { "uv": [ 9.25, 13.25, 4.25, 13.5 ], "texture": "#mesh_atlas" },
				"south": { "uv": [ 4.25, 13, 9.25, 13.25 ], "texture": "#mesh_atlas" },
				"west": { "uv": [ 6, 0, 6.25, 0.25 ], "texture": "#mesh_atlas" },
				"east": { "uv": [ 6.25, 0.25, 6, 0.5 ], "texture": "#mesh_atlas" }
			}
		},
		{
			"__comment": "Voxels",
			"from": [ 8, 8.375, 7.875 ],
			"to": [ 8.125, 9.25, 8 ],
			"faces": {
				"down": { "uv": [ 6, 0.5, 6.25, 0.75 ], "texture": "#mesh_atlas" },
				"up": { "uv": [ 6, 1, 6.25, 0.75 ], "texture": "#mesh_atlas" },
				"north": { "uv": [ 3.25, 8.75, 3, 10.5 ], "texture": "#mesh_atlas" },
				"south": { "uv": [ 2.75, 1.5, 3, 3.25 ], "texture": "#mesh_atlas" },
				"west": { "uv": [ 3.25, 8.75, 3.5, 10.5 ], "texture": "#mesh_atlas" },
				"east": { "uv": [ 3.75, 8.75, 3.5, 10.5 ], "texture": "#mesh_atlas" }
			}
		},
		{
			"__comment": "Voxels",
			"from": [ 8, 8.375, 8.125 ],
			"to": [ 8.125, 9.25, 8.25 ],
			"faces": {
				"down": { "uv": [ 15.75, 10.75, 16, 11 ], "texture": "#mesh_atlas" },
				"up": { "uv": [ 4.5, 3.25, 4.75, 3 ], "texture": "#mesh_atlas" },
				"north": { "uv": [ 3.25, 7, 3, 8.75 ], "texture": "#mesh_atlas" },
				"south": { "uv": [ 3.25, 7, 3.5, 8.75 ], "texture": "#mesh_atlas" },
				"west": { "uv": [ 3.5, 7, 3.75, 8.75 ], "texture": "#mesh_atlas" },
				"east": { "uv": [ 4, 7, 3.75, 8.75 ], "texture": "#mesh_atlas" }
			}
		},
		{
			"__comment": "Voxels",
			"from": [ 8, 9.25, 8 ],
			"to": [ 8.375, 10.25, 8.125 ],
			"faces": {
				"down": { "uv": [ 14, 10.25, 14.75, 10.5 ], "texture": "#mesh_atlas" },
				"up": { "uv": [ 14.75, 10.5, 15.5, 10.25 ], "texture": "#mesh_atlas" },
				"north": { "uv": [ 0.75, 8.5, 0, 10.5 ], "texture": "#mesh_atlas" },
				"south": { "uv": [ 0, 6.5, 0.75, 8.5 ], "texture": "#mesh_atlas" },
				"west": { "uv": [ 2.75, 7.5, 3, 9.5 ], "texture": "#mesh_atlas" },
				"east": { "uv": [ 2.75, 4.25, 2.5, 6.25 ], "texture": "#mesh_atlas" }
			}
		},
		{
			"__comment": "Voxels",
			"from": [ 8, 10.25, 7.875 ],
			"to": [ 8.25, 10.5, 8 ],
			"faces": {
				"down": { "uv": [ 10.75, 9.75, 11.25, 10 ], "texture": "#mesh_atlas" },
				"up": { "uv": [ 10.25, 10, 10.75, 9.75 ], "texture": "#mesh_atlas" },
				"north": { "uv": [ 4.75, 4.5, 4.25, 5 ], "texture": "#mesh_atlas" },
				"south": { "uv": [ 4.25, 5, 4.75, 5.5 ], "texture": "#mesh_atlas" },
				"west": { "uv": [ 5.75, 7.25, 6, 7.75 ], "texture": "#mesh_atlas" },
				"east": { "uv": [ 6, 7.75, 5.75, 8.25 ], "texture": "#mesh_atlas" }
			}
		},
		{
			"__comment": "Voxels",
			"from": [ 8, 10.25, 8.125 ],
			"to": [ 8.25, 10.5, 8.25 ],
			"faces": {
				"down": { "uv": [ 9.75, 9.75, 10.25, 10 ], "texture": "#mesh_atlas" },
				"up": { "uv": [ 9.25, 10, 9.75, 9.75 ], "texture": "#mesh_atlas" },
				"north": { "uv": [ 4.75, 7, 4.25, 7.5 ], "texture": "#mesh_atlas" },
				"south": { "uv": [ 4.25, 7.5, 4.75, 8 ], "texture": "#mesh_atlas" },
				"west": { "uv": [ 5.5, 2.25, 5.75, 2.75 ], "texture": "#mesh_atlas" },
				"east": { "uv": [ 5.75, 4.75, 5.5, 5.25 ], "texture": "#mesh_atlas" }
			}
		},
		{
			"__comment": "Voxels",
			"from": [ 8, 10.5, 7.875 ],
			"to": [ 8.125, 11.25, 8 ],
			"faces": {
				"down": { "uv": [ 6.75, 8.75, 7, 9 ], "texture": "#mesh_atlas" },
				"up": { "uv": [ 13.75, 9.25, 14, 9 ], "texture": "#mesh_atlas" },
				"north": { "uv": [ 3.75, 0, 3.5, 1.5 ], "texture": "#mesh_atlas" },
				"south": { "uv": [ 2, 0, 2.25, 1.5 ], "texture": "#mesh_atlas" },
				"west": { "uv": [ 3.25, 3, 3.5, 4.5 ], "texture": "#mesh_atlas" },
				"east": { "uv": [ 3.25, 0, 3, 1.5 ], "texture": "#mesh_atlas" }
			}
		},
		{
			"__comment": "Voxels",
			"from": [ 8, 10.5, 8.125 ],
			"to": [ 8.125, 11.25, 8.25 ],
			"faces": {
				"down": { "uv": [ 13.5, 9, 13.75, 9.25 ], "texture": "#mesh_atlas" },
				"up": { "uv": [ 8.75, 9.25, 9, 9 ], "texture": "#mesh_atlas" },
				"north": { "uv": [ 4.25, 6.75, 4, 8.25 ], "texture": "#mesh_atlas" },
				"south": { "uv": [ 3, 3, 3.25, 4.5 ], "texture": "#mesh_atlas" },
				"west": { "uv": [ 2.5, 0, 2.75, 1.5 ], "texture": "#mesh_atlas" },
				"east": { "uv": [ 4.25, 5.25, 4, 6.75 ], "texture": "#mesh_atlas" }
			}
		},
		{
			"__comment": "Voxels",
			"from": [ 8, 13.125, 7.875 ],
			"to": [ 8.125, 14.375, 8 ],
			"faces": {
				"down": { "uv": [ 8.5, 9, 8.75, 9.25 ], "texture": "#mesh_atlas" },
				"up": { "uv": [ 7.75, 9.25, 8, 9 ], "texture": "#mesh_atlas" },
				"north": { "uv": [ 2.5, 9.5, 2.25, 12 ], "texture": "#mesh_atlas" },
				"south": { "uv": [ 2, 4, 2.25, 6.5 ], "texture": "#mesh_atlas" },
				"west": { "uv": [ 2.25, 7, 2.5, 9.5 ], "texture": "#mesh_atlas" },
				"east": { "uv": [ 2.25, 1.5, 2, 4 ], "texture": "#mesh_atlas" }
			}
		},
		{
			"__comment": "Voxels",
			"from": [ 8, 13.25, 8.125 ],
			"to": [ 8.125, 13.625, 8.25 ],
			"faces": {
				"down": { "uv": [ 7.5, 9, 7.75, 9.25 ], "texture": "#mesh_atlas" },
				"up": { "uv": [ 6.5, 2, 6.75, 1.75 ], "texture": "#mesh_atlas" },
				"north": { "uv": [ 4.75, 2.25, 4.5, 3 ], "texture": "#mesh_atlas" },
				"south": { "uv": [ 4.25, 1.5, 4.5, 2.25 ], "texture": "#mesh_atlas" },
				"west": { "uv": [ 4.5, 1.5, 4.75, 2.25 ], "texture": "#mesh_atlas" },
				"east": { "uv": [ 4.5, 0.75, 4.25, 1.5 ], "texture": "#mesh_atlas" }
			}
		},
		{
			"__comment": "Voxels",
			"from": [ 8, 14, 7.75 ],
			"to": [ 8.125, 14.125, 7.875 ],
			"faces": {
				"down": { "uv": [ 6.5, 2, 6.75, 2.25 ], "texture": "#mesh_atlas" },
				"up": { "uv": [ 6.5, 5.5, 6.75, 5.25 ], "texture": "#mesh_atlas" },
				"north": { "uv": [ 6.75, 5.5, 6.5, 5.75 ], "texture": "#mesh_atlas" },
				"south": { "uv": [ 6.5, 6.75, 6.75, 7 ], "texture": "#mesh_atlas" },
				"west": { "uv": [ 6.5, 7, 6.75, 7.25 ], "texture": "#mesh_atlas" },
				"east": { "uv": [ 6.75, 8.25, 6.5, 8.5 ], "texture": "#mesh_atlas" }
			}
		},
		{
			"__comment": "Voxels",
			"from": [ 8, 14, 8.125 ],
			"to": [ 8.25, 14.25, 8.25 ],
			"faces": {
				"down": { "uv": [ 8.75, 9.75, 9.25, 10 ], "texture": "#mesh_atlas" },
				"up": { "uv": [ 6.5, 9.75, 7, 9.5 ], "texture": "#mesh_atlas" },
				"north": { "uv": [ 4.75, 5.5, 4.25, 6 ], "texture": "#mesh_atlas" },
				"south": { "uv": [ 4.25, 4, 4.75, 4.5 ], "texture": "#mesh_atlas" },
				"west": { "uv": [ 6, 7, 6.25, 7.5 ], "texture": "#mesh_atlas" },
				"east": { "uv": [ 6, 0.25, 5.75, 0.75 ], "texture": "#mesh_atlas" }
			}
		},
		{
			"__comment": "Voxels",
			"from": [ 8, 14, 8.25 ],
			"to": [ 8.25, 14.125, 8.375 ],
			"faces": {
				"down": { "uv": [ 6, 9.5, 6.5, 9.75 ], "texture": "#mesh_atlas" },
				"up": { "uv": [ 15.25, 10, 15.75, 9.75 ], "texture": "#mesh_atlas" },
				"north": { "uv": [ 15.25, 9.75, 14.75, 10 ], "texture": "#mesh_atlas" },
				"south": { "uv": [ 14.25, 9.75, 14.75, 10 ], "texture": "#mesh_atlas" },
				"west": { "uv": [ 11.5, 9.25, 11.75, 9.5 ], "texture": "#mesh_atlas" },
				"east": { "uv": [ 9.5, 9.25, 9.25, 9.5 ], "texture": "#mesh_atlas" }
			}
		},
		{
			"__comment": "Voxels",
			"from": [ 8, 14.125, 8.25 ],
			"to": [ 8.125, 14.25, 8.375 ],
			"faces": {
				"down": { "uv": [ 9, 9.25, 9.25, 9.5 ], "texture": "#mesh_atlas" },
				"up": { "uv": [ 6.25, 5.25, 6.5, 5 ], "texture": "#mesh_atlas" },
				"north": { "uv": [ 6.5, 5.25, 6.25, 5.5 ], "texture": "#mesh_atlas" },
				"south": { "uv": [ 15.75, 13.5, 16, 13.75 ], "texture": "#mesh_atlas" },
				"west": { "uv": [ 6.75, 8, 7, 8.25 ], "texture": "#mesh_atlas" },
				"east": { "uv": [ 16, 13.75, 15.75, 14 ], "texture": "#mesh_atlas" }
			}
		},
		{
			"__comment": "Voxels",
			"from": [ 8, 14.25, 7.75 ],
			"to": [ 8.125, 14.375, 7.875 ],
			"faces": {
				"down": { "uv": [ 15.75, 12.5, 16, 12.75 ], "texture": "#mesh_atlas" },
				"up": { "uv": [ 2.25, 0.25, 2.5, 0 ], "texture": "#mesh_atlas" },
				"north": { "uv": [ 3, 7.25, 2.75, 7.5 ], "texture": "#mesh_atlas" },
				"south": { "uv": [ 2.75, 4.25, 3, 4.5 ], "texture": "#mesh_atlas" },
				"west": { "uv": [ 6.25, 5.75, 6.5, 6 ], "texture": "#mesh_atlas" },
				"east": { "uv": [ 6.5, 5.5, 6.25, 5.75 ], "texture": "#mesh_atlas" }
			}
		},
		{
			"__comment": "Voxels",
			"from": [ 8, 14.5, 7.875 ],
			"to": [ 8.875, 14.625, 8 ],
			"faces": {
				"down": { "uv": [ 14.25, 11.75, 16, 12 ], "texture": "#mesh_atlas" },
				"up": { "uv": [ 9.25, 11.75, 11, 11.5 ], "texture": "#mesh_atlas" },
				"north": { "uv": [ 14.5, 11.5, 12.75, 11.75 ], "texture": "#mesh_atlas" },
				"south": { "uv": [ 4, 11.25, 5.75, 11.5 ], "texture": "#mesh_atlas" },
				"west": { "uv": [ 9.5, 9.25, 9.75, 9.5 ], "texture": "#mesh_atlas" },
				"east": { "uv": [ 10, 9.25, 9.75, 9.5 ], "texture": "#mesh_atlas" }
			}
		},
		{
			"__comment": "Voxels",
			"from": [ 8, 14.875, 7.875 ],
			"to": [ 10.125, 15, 8 ],
			"faces": {
				"down": { "uv": [ 11.5, 13.5, 15.75, 13.75 ], "texture": "#mesh_atlas" },
				"up": { "uv": [ 11.5, 14, 15.75, 13.75 ], "texture": "#mesh_atlas" },
				"north": { "uv": [ 15.75, 13, 11.5, 13.25 ], "texture": "#mesh_atlas" },
				"south": { "uv": [ 1.75, 12.75, 6, 13 ], "texture": "#mesh_atlas" },
				"west": { "uv": [ 12.5, 9.25, 12.75, 9.5 ], "texture": "#mesh_atlas" },
				"east": { "uv": [ 13, 9.25, 12.75, 9.5 ], "texture": "#mesh_atlas" }
			}
		},
		{
			"__comment": "Voxels",
			"from": [ 8, 14.875, 8.125 ],
			"to": [ 10.125, 15, 8.25 ],
			"faces": {
				"down": { "uv": [ 11.5, 13.25, 15.75, 13.5 ], "texture": "#mesh_atlas" },
				"up": { "uv": [ 10.25, 13, 14.5, 12.75 ], "texture": "#mesh_atlas" },
				"north": { "uv": [ 6, 12.5, 1.75, 12.75 ], "texture": "#mesh_atlas" },
				"south": { "uv": [ 6, 12.75, 10.25, 13 ], "texture": "#mesh_atlas" },
				"west": { "uv": [ 6.5, 8, 6.75, 8.25 ], "texture": "#mesh_atlas" },
				"east": { "uv": [ 6.75, 7.75, 6.5, 8 ], "texture": "#mesh_atlas" }
			}
		},
		{
			"__comment": "Voxels",
			"from": [ 8.125, 8.375, 8 ],
			"to": [ 8.25, 8.5, 8.125 ],
			"faces": {
				"down": { "uv": [ 6.5, 4, 6.75, 4.25 ], "texture": "#mesh_atlas" },
				"up": { "uv": [ 6.5, 4, 6.75, 3.75 ], "texture": "#mesh_atlas" },
				"north": { "uv": [ 6.75, 3.5, 6.5, 3.75 ], "texture": "#mesh_atlas" },
				"south": { "uv": [ 6.5, 3.25, 6.75, 3.5 ], "texture": "#mesh_atlas" },
				"west": { "uv": [ 14.5, 9, 14.75, 9.25 ], "texture": "#mesh_atlas" },
				"east": { "uv": [ 15, 9, 14.75, 9.25 ], "texture": "#mesh_atlas" }
			}
		},
		{
			"__comment": "Voxels",
			"from": [ 8.125, 8.875, 7.875 ],
			"to": [ 8.25, 10.25, 8 ],
			"faces": {
				"down": { "uv": [ 15, 9, 15.25, 9.25 ], "texture": "#mesh_atlas" },
				"up": { "uv": [ 15.25, 9.25, 15.5, 9 ], "texture": "#mesh_atlas" },
				"north": { "uv": [ 1.25, 0, 1, 2.75 ], "texture": "#mesh_atlas" },
				"south": { "uv": [ 0.75, 0, 1, 2.75 ], "texture": "#mesh_atlas" },
				"west": { "uv": [ 1.25, 0, 1.5, 2.75 ], "texture": "#mesh_atlas" },
				"east": { "uv": [ 1.75, 0, 1.5, 2.75 ], "texture": "#mesh_atlas" }
			}
		},
		{
			"__comment": "Voxels",
			"from": [ 8.125, 8.875, 8.125 ],
			"to": [ 8.25, 10.25, 8.25 ],
			"faces": {
				"down": { "uv": [ 6.5, 6.5, 6.75, 6.75 ], "texture": "#mesh_atlas" },
				"up": { "uv": [ 6.5, 6.5, 6.75, 6.25 ], "texture": "#mesh_atlas" },
				"north": { "uv": [ 2, 9.25, 1.75, 12 ], "texture": "#mesh_atlas" },
				"south": { "uv": [ 1.75, 6.5, 2, 9.25 ], "texture": "#mesh_atlas" },
				"west": { "uv": [ 2, 6.5, 2.25, 9.25 ], "texture": "#mesh_atlas" },
				"east": { "uv": [ 2, 3.75, 1.75, 6.5 ], "texture": "#mesh_atlas" }
			}
		},
		{
			"__comment": "Voxels",
			"from": [ 8.125, 13.125, 8 ],
			"to": [ 8.25, 14, 8.125 ],
			"faces": {
				"down": { "uv": [ 7, 9, 7.25, 9.25 ], "texture": "#mesh_atlas" },
				"up": { "uv": [ 7.25, 9.25, 7.5, 9 ], "texture": "#mesh_atlas" },
				"north": { "uv": [ 3, 4.5, 2.75, 6.25 ], "texture": "#mesh_atlas" },
				"south": { "uv": [ 2.5, 1.5, 2.75, 3.25 ], "texture": "#mesh_atlas" },
				"west": { "uv": [ 3, 5.25, 3.25, 7 ], "texture": "#mesh_atlas" },
				"east": { "uv": [ 4, 8.75, 3.75, 10.5 ], "texture": "#mesh_atlas" }
			}
		},
		{
			"__comment": "Voxels",
			"from": [ 8.125, 13.875, 8.125 ],
			"to": [ 8.375, 14, 8.25 ],
			"faces": {
				"down": { "uv": [ 15.5, 10.25, 16, 10.5 ], "texture": "#mesh_atlas" },
				"up": { "uv": [ 4.75, 0.25, 5.25, 0 ], "texture": "#mesh_atlas" },
				"north": { "uv": [ 6.25, 10, 5.75, 10.25 ], "texture": "#mesh_atlas" },
				"south": { "uv": [ 6.25, 10, 6.75, 10.25 ], "texture": "#mesh_atlas" },
				"west": { "uv": [ 11.5, 9, 11.75, 9.25 ], "texture": "#mesh_atlas" },
				"east": { "uv": [ 12, 9, 11.75, 9.25 ], "texture": "#mesh_atlas" }
			}
		},
		{
			"__comment": "Voxels",
			"from": [ 8.125, 14.125, 7.75 ],
			"to": [ 8.25, 14.25, 8 ],
			"faces": {
				"down": { "uv": [ 5.5, 8.75, 5.75, 9.25 ], "texture": "#mesh_atlas" },
				"up": { "uv": [ 5.5, 8.75, 5.75, 8.25 ], "texture": "#mesh_atlas" },
				"north": { "uv": [ 12.25, 9, 12, 9.25 ], "texture": "#mesh_atlas" },
				"south": { "uv": [ 12.25, 9, 12.5, 9.25 ], "texture": "#mesh_atlas" },
				"west": { "uv": [ 14.75, 10, 15.25, 10.25 ], "texture": "#mesh_atlas" },
				"east": { "uv": [ 15.75, 10, 15.25, 10.25 ], "texture": "#mesh_atlas" }
			}
		},
		{
			"__comment": "Voxels",
			"from": [ 8.125, 14.25, 7.875 ],
			"to": [ 8.625, 14.375, 8 ],
			"faces": {
				"down": { "uv": [ 13.75, 10.75, 14.75, 11 ], "texture": "#mesh_atlas" },
				"up": { "uv": [ 11.75, 11, 12.75, 10.75 ], "texture": "#mesh_atlas" },
				"north": { "uv": [ 15.75, 10.75, 14.75, 11 ], "texture": "#mesh_atlas" },
				"south": { "uv": [ 6.75, 10.5, 7.75, 10.75 ], "texture": "#mesh_atlas" },
				"west": { "uv": [ 6.75, 8.5, 7, 8.75 ], "texture": "#mesh_atlas" },
				"east": { "uv": [ 7, 8.25, 6.75, 8.5 ], "texture": "#mesh_atlas" }
			}
		},
		{
			"__comment": "Voxels",
			"from": [ 8.125, 14.25, 8.125 ],
			"to": [ 8.5, 14.875, 8.25 ],
			"faces": {
				"down": { "uv": [ 4.75, 9.75, 5.5, 10 ], "texture": "#mesh_atlas" },
				"up": { "uv": [ 4.75, 9.75, 5.5, 9.5 ], "texture": "#mesh_atlas" },
				"north": { "uv": [ 1.5, 9, 0.75, 10.25 ], "texture": "#mesh_atlas" },
				"south": { "uv": [ 0.75, 10.25, 1.5, 11.5 ], "texture": "#mesh_atlas" },
				"west": { "uv": [ 1.5, 9, 1.75, 10.25 ], "texture": "#mesh_atlas" },
				"east": { "uv": [ 4.25, 4, 4, 5.25 ], "texture": "#mesh_atlas" }
			}
		},
		{
			"__comment": "Voxels",
			"from": [ 8.125, 14.625, 7.875 ],
			"to": [ 9.25, 14.875, 8 ],
			"faces": {
				"down": { "uv": [ 13.5, 12.5, 15.75, 12.75 ], "texture": "#mesh_atlas" },
				"up": { "uv": [ 3, 11.75, 5.25, 11.5 ], "texture": "#mesh_atlas" },
				"north": { "uv": [ 11.5, 13, 9.25, 13.5 ], "texture": "#mesh_atlas" },
				"south": { "uv": [ 9.25, 13.5, 11.5, 14 ], "texture": "#mesh_atlas" },
				"west": { "uv": [ 5.75, 6.75, 6, 7.25 ], "texture": "#mesh_atlas" },
				"east": { "uv": [ 6, 6.25, 5.75, 6.75 ], "texture": "#mesh_atlas" }
			}
		},
		{
			"__comment": "Voxels",
			"from": [ 8.25, 8.875, 8 ],
			"to": [ 8.375, 9.25, 8.125 ],
			"faces": {
				"down": { "uv": [ 15.75, 13.25, 16, 13.5 ], "texture": "#mesh_atlas" },
				"up": { "uv": [ 15.75, 13.25, 16, 13 ], "texture": "#mesh_atlas" },
				"north": { "uv": [ 4.75, 0.75, 4.5, 1.5 ], "texture": "#mesh_atlas" },
				"south": { "uv": [ 4.25, 0, 4.5, 0.75 ], "texture": "#mesh_atlas" },
				"west": { "uv": [ 5, 8.25, 5.25, 9 ], "texture": "#mesh_atlas" },
				"east": { "uv": [ 5.5, 8.25, 5.25, 9 ], "texture": "#mesh_atlas" }
			}
		},
		{
			"__comment": "Voxels",
			"from": [ 8.25, 13.75, 8 ],
			"to": [ 8.5, 14, 8.125 ],
			"faces": {
				"down": { "uv": [ 8.75, 10, 9.25, 10.25 ], "texture": "#mesh_atlas" },
				"up": { "uv": [ 9.25, 10.25, 9.75, 10 ], "texture": "#mesh_atlas" },
				"north": { "uv": [ 4.75, 6.5, 4.25, 7 ], "texture": "#mesh_atlas" },
				"south": { "uv": [ 4.25, 6, 4.75, 6.5 ], "texture": "#mesh_atlas" },
				"west": { "uv": [ 5.5, 5.75, 5.75, 6.25 ], "texture": "#mesh_atlas" },
				"east": { "uv": [ 5.75, 5.25, 5.5, 5.75 ], "texture": "#mesh_atlas" }
			}
		},
		{
			"__comment": "Voxels",
			"from": [ 8.25, 13.875, 8.25 ],
			"to": [ 8.375, 14, 8.375 ],
			"faces": {
				"down": { "uv": [ 15.75, 10.5, 16, 10.75 ], "texture": "#mesh_atlas" },
				"up": { "uv": [ 5.25, 0.25, 5.5, 0 ], "texture": "#mesh_atlas" },
				"north": { "uv": [ 5.75, 0, 5.5, 0.25 ], "texture": "#mesh_atlas" },
				"south": { "uv": [ 15.75, 10, 16, 10.25 ], "texture": "#mesh_atlas" },
				"west": { "uv": [ 15.75, 9.75, 16, 10 ], "texture": "#mesh_atlas" },
				"east": { "uv": [ 6, 0, 5.75, 0.25 ], "texture": "#mesh_atlas" }
			}
		},
		{
			"__comment": "Voxels",
			"from": [ 8.25, 14, 7.75 ],
			"to": [ 8.375, 14.125, 8 ],
			"faces": {
				"down": { "uv": [ 5.75, 5.75, 6, 6.25 ], "texture": "#mesh_atlas" },
				"up": { "uv": [ 5.75, 5.75, 6, 5.25 ], "texture": "#mesh_atlas" },
				"north": { "uv": [ 15.25, 9.5, 15, 9.75 ], "texture": "#mesh_atlas" },
				"south": { "uv": [ 15.25, 9.5, 15.5, 9.75 ], "texture": "#mesh_atlas" },
				"west": { "uv": [ 15.5, 12.25, 16, 12.5 ], "texture": "#mesh_atlas" },
				"east": { "uv": [ 16, 11, 15.5, 11.25 ], "texture": "#mesh_atlas" }
			}
		},
		{
			"__comment": "Voxels",
			"from": [ 8.25, 14.125, 7.875 ],
			"to": [ 8.375, 14.25, 8 ],
			"faces": {
				"down": { "uv": [ 15.5, 9.5, 15.75, 9.75 ], "texture": "#mesh_atlas" },
				"up": { "uv": [ 15.75, 9.75, 16, 9.5 ], "texture": "#mesh_atlas" },
				"north": { "uv": [ 6.25, 2.75, 6, 3 ], "texture": "#mesh_atlas" },
				"south": { "uv": [ 6, 2.5, 6.25, 2.75 ], "texture": "#mesh_atlas" },
				"west": { "uv": [ 6, 2.25, 6.25, 2.5 ], "texture": "#mesh_atlas" },
				"east": { "uv": [ 6.25, 2, 6, 2.25 ], "texture": "#mesh_atlas" }
			}
		},
		{
			"__comment": "Voxels",
			"from": [ 8.25, 14.125, 8.125 ],
			"to": [ 8.375, 14.25, 8.375 ],
			"faces": {
				"down": { "uv": [ 5.5, 2.75, 5.75, 3.25 ], "texture": "#mesh_atlas" },
				"up": { "uv": [ 5.75, 8.75, 6, 8.25 ], "texture": "#mesh_atlas" },
				"north": { "uv": [ 6.25, 1.75, 6, 2 ], "texture": "#mesh_atlas" },
				"south": { "uv": [ 6, 1.5, 6.25, 1.75 ], "texture": "#mesh_atlas" },
				"west": { "uv": [ 13.75, 10, 14.25, 10.25 ], "texture": "#mesh_atlas" },
				"east": { "uv": [ 14.75, 10, 14.25, 10.25 ], "texture": "#mesh_atlas" }
			}
		},
		{
			"__comment": "Voxels",
			"from": [ 8.25, 14.25, 7.75 ],
			"to": [ 8.5, 14.375, 7.875 ],
			"faces": {
				"down": { "uv": [ 5.75, 9.75, 6.25, 10 ], "texture": "#mesh_atlas" },
				"up": { "uv": [ 6.25, 10, 6.75, 9.75 ], "texture": "#mesh_atlas" },
				"north": { "uv": [ 7.25, 9.75, 6.75, 10 ], "texture": "#mesh_atlas" },
				"south": { "uv": [ 7.25, 9.75, 7.75, 10 ], "texture": "#mesh_atlas" },
				"west": { "uv": [ 6, 1.25, 6.25, 1.5 ], "texture": "#mesh_atlas" },
				"east": { "uv": [ 6.25, 1, 6, 1.25 ], "texture": "#mesh_atlas" }
			}
		},
		{
			"__comment": "Voxels",
			"from": [ 8.25, 15.25, 8 ],
			"to": [ 10.125, 15.375, 8.125 ],
			"faces": {
				"down": { "uv": [ 1.75, 12.25, 5.5, 12.5 ], "texture": "#mesh_atlas" },
				"up": { "uv": [ 5.5, 12.5, 9.25, 12.25 ], "texture": "#mesh_atlas" },
				"north": { "uv": [ 13.5, 12.5, 9.75, 12.75 ], "texture": "#mesh_atlas" },
				"south": { "uv": [ 6, 12.5, 9.75, 12.75 ], "texture": "#mesh_atlas" },
				"west": { "uv": [ 6.25, 9.25, 6.5, 9.5 ], "texture": "#mesh_atlas" },
				"east": { "uv": [ 6.5, 9, 6.25, 9.25 ], "texture": "#mesh_atlas" }
			}
		},
		{
			"__comment": "Voxels",
			"from": [ 8.375, 13.75, 8.125 ],
			"to": [ 8.5, 13.875, 8.25 ],
			"faces": {
				"down": { "uv": [ 6.25, 8.75, 6.5, 9 ], "texture": "#mesh_atlas" },
				"up": { "uv": [ 6.25, 8.75, 6.5, 8.5 ], "texture": "#mesh_atlas" },
				"north": { "uv": [ 6.5, 8.25, 6.25, 8.5 ], "texture": "#mesh_atlas" },
				"south": { "uv": [ 6.25, 8, 6.5, 8.25 ], "texture": "#mesh_atlas" },
				"west": { "uv": [ 6.25, 7.75, 6.5, 8 ], "texture": "#mesh_atlas" },
				"east": { "uv": [ 6.5, 7.5, 6.25, 7.75 ], "texture": "#mesh_atlas" }
			}
		},
		{
			"__comment": "Voxels",
			"from": [ 8.375, 13.875, 7.75 ],
			"to": [ 8.5, 14, 8 ],
			"faces": {
				"down": { "uv": [ 5.75, 4.75, 6, 5.25 ], "texture": "#mesh_atlas" },
				"up": { "uv": [ 5.5, 9.75, 5.75, 9.25 ], "texture": "#mesh_atlas" },
				"north": { "uv": [ 6.5, 7.25, 6.25, 7.5 ], "texture": "#mesh_atlas" },
				"south": { "uv": [ 6.25, 7, 6.5, 7.25 ], "texture": "#mesh_atlas" },
				"west": { "uv": [ 11.25, 9.75, 11.75, 10 ], "texture": "#mesh_atlas" },
				"east": { "uv": [ 12.25, 9.75, 11.75, 10 ], "texture": "#mesh_atlas" }
			}
		},
		{
			"__comment": "Voxels",
			"from": [ 8.5, 14.125, 8 ],
			"to": [ 8.625, 14.5, 8.125 ],
			"faces": {
				"down": { "uv": [ 6.25, 6.25, 6.5, 6.5 ], "texture": "#mesh_atlas" },
				"up": { "uv": [ 6.25, 6.25, 6.5, 6 ], "texture": "#mesh_atlas" },
				"north": { "uv": [ 5, 7, 4.75, 7.75 ], "texture": "#mesh_atlas" },
				"south": { "uv": [ 5, 7, 5.25, 7.75 ], "texture": "#mesh_atlas" },
				"west": { "uv": [ 5.25, 7, 5.5, 7.75 ], "texture": "#mesh_atlas" },
				"east": { "uv": [ 5, 6.25, 4.75, 7 ], "texture": "#mesh_atlas" }
			}
		},
		{
			"__comment": "Voxels",
			"from": [ 8.5, 14.375, 8.125 ],
			"to": [ 8.75, 14.875, 8.25 ],
			"faces": {
				"down": { "uv": [ 12.25, 9.75, 12.75, 10 ], "texture": "#mesh_atlas" },
				"up": { "uv": [ 12.75, 10, 13.25, 9.75 ], "texture": "#mesh_atlas" },
				"north": { "uv": [ 3, 3.25, 2.5, 4.25 ], "texture": "#mesh_atlas" },
				"south": { "uv": [ 2.5, 6.25, 3, 7.25 ], "texture": "#mesh_atlas" },
				"west": { "uv": [ 4.25, 3, 4.5, 4 ], "texture": "#mesh_atlas" },
				"east": { "uv": [ 4.25, 0.75, 4, 1.75 ], "texture": "#mesh_atlas" }
			}
		},
		{
			"__comment": "Voxels",
			"from": [ 8.5, 15, 8.125 ],
			"to": [ 9.875, 15.125, 8.25 ],
			"faces": {
				"down": { "uv": [ 12.25, 12, 15, 12.25 ], "texture": "#mesh_atlas" },
				"up": { "uv": [ 13.25, 14.5, 16, 14.25 ], "texture": "#mesh_atlas" },
				"north": { "uv": [ 16, 14, 13.25, 14.25 ], "texture": "#mesh_atlas" },
				"south": { "uv": [ 12.75, 12.25, 15.5, 12.5 ], "texture": "#mesh_atlas" },
				"west": { "uv": [ 6.25, 2.25, 6.5, 2.5 ], "texture": "#mesh_atlas" },
				"east": { "uv": [ 6.5, 2, 6.25, 2.25 ], "texture": "#mesh_atlas" }
			}
		},
		{
			"__comment": "Voxels",
			"from": [ 8.5, 15.375, 8 ],
			"to": [ 9.625, 15.5, 8.125 ],
			"faces": {
				"down": { "uv": [ 13.75, 14.5, 16, 14.75 ], "texture": "#mesh_atlas" },
				"up": { "uv": [ 13.75, 15, 16, 14.75 ], "texture": "#mesh_atlas" },
				"north": { "uv": [ 16, 15, 13.75, 15.25 ], "texture": "#mesh_atlas" },
				"south": { "uv": [ 13.75, 15.25, 16, 15.5 ], "texture": "#mesh_atlas" },
				"west": { "uv": [ 6.25, 0.75, 6.5, 1 ], "texture": "#mesh_atlas" },
				"east": { "uv": [ 6.5, 0.5, 6.25, 0.75 ], "texture": "#mesh_atlas" }
			}
		},
		{
			"__comment": "Voxels",
			"from": [ 8.625, 14.25, 8 ],
			"to": [ 8.75, 14.5, 8.125 ],
			"faces": {
				"down": { "uv": [ 6.25, 0.25, 6.5, 0.5 ], "texture": "#mesh_atlas" },
				"up": { "uv": [ 6.25, 0.25, 6.5, 0 ], "texture": "#mesh_atlas" },
				"north": { "uv": [ 6, 2.25, 5.75, 2.75 ], "texture": "#mesh_atlas" },
				"south": { "uv": [ 5.75, 1.75, 6, 2.25 ], "texture": "#mesh_atlas" },
				"west": { "uv": [ 5.75, 1.25, 6, 1.75 ], "texture": "#mesh_atlas" },
				"east": { "uv": [ 6, 0.75, 5.75, 1.25 ], "texture": "#mesh_atlas" }
			}
		},
		{
			"__comment": "Voxels",
			"from": [ 8.625, 15, 7.875 ],
			"to": [ 9.75, 15.125, 8 ],
			"faces": {
				"down": { "uv": [ 3, 11.75, 5.25, 12 ], "texture": "#mesh_atlas" },
				"up": { "uv": [ 13.75, 15.75, 16, 15.5 ], "texture": "#mesh_atlas" },
				"north": { "uv": [ 16, 15.75, 13.75, 16 ], "texture": "#mesh_atlas" },
				"south": { "uv": [ 5.25, 11.5, 7.5, 11.75 ], "texture": "#mesh_atlas" },
				"west": { "uv": [ 8.5, 9.25, 8.75, 9.5 ], "texture": "#mesh_atlas" },
				"east": { "uv": [ 9, 9.25, 8.75, 9.5 ], "texture": "#mesh_atlas" }
			}
		},
		{
			"__comment": "Voxels",
			"from": [ 8.75, 14.375, 8 ],
			"to": [ 9.125, 14.5, 8.125 ],
			"faces": {
				"down": { "uv": [ 4.75, 4.75, 5.5, 5 ], "texture": "#mesh_atlas" },
				"up": { "uv": [ 4.75, 4.75, 5.5, 4.5 ], "texture": "#mesh_atlas" },
				"north": { "uv": [ 5.5, 4.25, 4.75, 4.5 ], "texture": "#mesh_atlas" },
				"south": { "uv": [ 4.75, 4, 5.5, 4.25 ], "texture": "#mesh_atlas" },
				"west": { "uv": [ 10, 9.25, 10.25, 9.5 ], "texture": "#mesh_atlas" },
				"east": { "uv": [ 10.5, 9.25, 10.25, 9.5 ], "texture": "#mesh_atlas" }
			}
		},
		{
			"__comment": "Voxels",
			"from": [ 8.75, 14.5, 8.125 ],
			"to": [ 9, 14.875, 8.25 ],
			"faces": {
				"down": { "uv": [ 13.25, 9.75, 13.75, 10 ], "texture": "#mesh_atlas" },
				"up": { "uv": [ 13.75, 10, 14.25, 9.75 ], "texture": "#mesh_atlas" },
				"north": { "uv": [ 3.5, 4.5, 3, 5.25 ], "texture": "#mesh_atlas" },
				"south": { "uv": [ 3.25, 5.75, 3.75, 6.5 ], "texture": "#mesh_atlas" },
				"west": { "uv": [ 5, 6.25, 5.25, 7 ], "texture": "#mesh_atlas" },
				"east": { "uv": [ 5.5, 6.25, 5.25, 7 ], "texture": "#mesh_atlas" }
			}
		},
		{
			"__comment": "Voxels",
			"from": [ 8.875, 15.125, 7.875 ],
			"to": [ 9.25, 15.25, 8 ],
			"faces": {
				"down": { "uv": [ 4.75, 3.75, 5.5, 4 ], "texture": "#mesh_atlas" },
				"up": { "uv": [ 4.75, 3.75, 5.5, 3.5 ], "texture": "#mesh_atlas" },
				"north": { "uv": [ 5.5, 3.25, 4.75, 3.5 ], "texture": "#mesh_atlas" },
				"south": { "uv": [ 4.75, 3, 5.5, 3.25 ], "texture": "#mesh_atlas" },
				"west": { "uv": [ 13, 9.25, 13.25, 9.5 ], "texture": "#mesh_atlas" },
				"east": { "uv": [ 13.5, 9.25, 13.25, 9.5 ], "texture": "#mesh_atlas" }
			}
		},
		{
			"__comment": "Voxels",
			"from": [ 8.875, 15.125, 8.125 ],
			"to": [ 9.375, 15.25, 8.25 ],
			"faces": {
				"down": { "uv": [ 7.75, 10.75, 8.75, 11 ], "texture": "#mesh_atlas" },
				"up": { "uv": [ 6.75, 11, 7.75, 10.75 ], "texture": "#mesh_atlas" },
				"north": { "uv": [ 6.75, 10.75, 5.75, 11 ], "texture": "#mesh_atlas" },
				"south": { "uv": [ 4.75, 10.75, 5.75, 11 ], "texture": "#mesh_atlas" },
				"west": { "uv": [ 14.5, 9.25, 14.75, 9.5 ], "texture": "#mesh_atlas" },
				"east": { "uv": [ 15, 9.25, 14.75, 9.5 ], "texture": "#mesh_atlas" }
			}
		},
		{
			"__comment": "Voxels",
			"from": [ 9, 14.625, 8.125 ],
			"to": [ 9.375, 14.875, 8.25 ],
			"faces": {
				"down": { "uv": [ 4.75, 2.75, 5.5, 3 ], "texture": "#mesh_atlas" },
				"up": { "uv": [ 4.75, 2.75, 5.5, 2.5 ], "texture": "#mesh_atlas" },
				"north": { "uv": [ 4, 6.5, 3.25, 7 ], "texture": "#mesh_atlas" },
				"south": { "uv": [ 0, 0, 0.75, 0.5 ], "texture": "#mesh_atlas" },
				"west": { "uv": [ 6, 8, 6.25, 8.5 ], "texture": "#mesh_atlas" },
				"east": { "uv": [ 6.25, 7.5, 6, 8 ], "texture": "#mesh_atlas" }
			}
		},
		{
			"__comment": "Voxels",
			"from": [ 9.25, 14.75, 7.875 ],
			"to": [ 9.625, 14.875, 8 ],
			"faces": {
				"down": { "uv": [ 4.75, 2.25, 5.5, 2.5 ], "texture": "#mesh_atlas" },
				"up": { "uv": [ 4.75, 2.25, 5.5, 2 ], "texture": "#mesh_atlas" },
				"north": { "uv": [ 5.5, 1.75, 4.75, 2 ], "texture": "#mesh_atlas" },
				"south": { "uv": [ 4.75, 1.5, 5.5, 1.75 ], "texture": "#mesh_atlas" },
				"west": { "uv": [ 6.5, 7.5, 6.75, 7.75 ], "texture": "#mesh_atlas" },
				"east": { "uv": [ 6.75, 7.25, 6.5, 7.5 ], "texture": "#mesh_atlas" }
			}
		},
		{
			"__comment": "Voxels",
			"from": [ 9.375, 14.75, 8.125 ],
			"to": [ 9.625, 14.875, 8.25 ],
			"faces": {
				"down": { "uv": [ 7, 9.5, 7.5, 9.75 ], "texture": "#mesh_atlas" },
				"up": { "uv": [ 7.5, 9.75, 8, 9.5 ], "texture": "#mesh_atlas" },
				"north": { "uv": [ 8.5, 9.5, 8, 9.75 ], "texture": "#mesh_atlas" },
				"south": { "uv": [ 8.5, 9.5, 9, 9.75 ], "texture": "#mesh_atlas" },
				"west": { "uv": [ 6.5, 6, 6.75, 6.25 ], "texture": "#mesh_atlas" },
				"east": { "uv": [ 6.75, 5.75, 6.5, 6 ], "texture": "#mesh_atlas" }
			}
		},
		{
			"__comment": "Voxels",
			"from": [ 9.875, 14.75, 7.875 ],
			"to": [ 10.375, 14.875, 8 ],
			"faces": {
				"down": { "uv": [ 15, 12, 16, 12.25 ], "texture": "#mesh_atlas" },
				"up": { "uv": [ 4.75, 10.5, 5.75, 10.25 ], "texture": "#mesh_atlas" },
				"north": { "uv": [ 13.75, 10.75, 12.75, 11 ], "texture": "#mesh_atlas" },
				"south": { "uv": [ 10.75, 10.75, 11.75, 11 ], "texture": "#mesh_atlas" },
				"west": { "uv": [ 6.5, 4.5, 6.75, 4.75 ], "texture": "#mesh_atlas" },
				"east": { "uv": [ 6.75, 4.25, 6.5, 4.5 ], "texture": "#mesh_atlas" }
			}
		},
		{
			"__comment": "Voxels",
			"from": [ 10, 14.75, 8.125 ],
			"to": [ 10.375, 14.875, 8.25 ],
			"faces": {
				"down": { "uv": [ 4.75, 1.25, 5.5, 1.5 ], "texture": "#mesh_atlas" },
				"up": { "uv": [ 4.75, 1.25, 5.5, 1 ], "texture": "#mesh_atlas" },
				"north": { "uv": [ 5.5, 0.75, 4.75, 1 ], "texture": "#mesh_atlas" },
				"south": { "uv": [ 4.75, 0.5, 5.5, 0.75 ], "texture": "#mesh_atlas" },
				"west": { "uv": [ 6.5, 3, 6.75, 3.25 ], "texture": "#mesh_atlas" },
				"east": { "uv": [ 6.75, 2.75, 6.5, 3 ], "texture": "#mesh_atlas" }
			}
		},
		{
			"__comment": "Voxels",
			"from": [ 10.125, 14.5, 8 ],
			"to": [ 11.25, 14.625, 8.125 ],
			"faces": {
				"down": { "uv": [ 12, 11.75, 14.25, 12 ], "texture": "#mesh_atlas" },
				"up": { "uv": [ 9.75, 12, 12, 11.75 ], "texture": "#mesh_atlas" },
				"north": { "uv": [ 9.75, 11.75, 7.5, 12 ], "texture": "#mesh_atlas" },
				"south": { "uv": [ 5.25, 11.75, 7.5, 12 ], "texture": "#mesh_atlas" },
				"west": { "uv": [ 6.5, 1.5, 6.75, 1.75 ], "texture": "#mesh_atlas" },
				"east": { "uv": [ 6.75, 1.25, 6.5, 1.5 ], "texture": "#mesh_atlas" }
			}
		},
		{
			"__comment": "Voxels",
			"from": [ 10.375, 14.625, 7.875 ],
			"to": [ 10.5, 14.75, 8 ],
			"faces": {
				"down": { "uv": [ 6.5, 1, 6.75, 1.25 ], "texture": "#mesh_atlas" },
				"up": { "uv": [ 6.5, 1, 6.75, 0.75 ], "texture": "#mesh_atlas" },
				"north": { "uv": [ 6.75, 0.5, 6.5, 0.75 ], "texture": "#mesh_atlas" },
				"south": { "uv": [ 6.5, 0.25, 6.75, 0.5 ], "texture": "#mesh_atlas" },
				"west": { "uv": [ 6.5, 0, 6.75, 0.25 ], "texture": "#mesh_atlas" },
				"east": { "uv": [ 7, 9, 6.75, 9.25 ], "texture": "#mesh_atlas" }
			}
		},
		{
			"__comment": "Voxels",
			"from": [ 10.375, 14.625, 8.125 ],
			"to": [ 10.625, 14.75, 8.25 ],
			"faces": {
				"down": { "uv": [ 10, 9.5, 10.5, 9.75 ], "texture": "#mesh_atlas" },
				"up": { "uv": [ 10.5, 9.75, 11, 9.5 ], "texture": "#mesh_atlas" },
				"north": { "uv": [ 11.5, 9.5, 11, 9.75 ], "texture": "#mesh_atlas" },
				"south": { "uv": [ 11.5, 9.5, 12, 9.75 ], "texture": "#mesh_atlas" },
				"west": { "uv": [ 8, 9, 8.25, 9.25 ], "texture": "#mesh_atlas" },
				"east": { "uv": [ 8.5, 9, 8.25, 9.25 ], "texture": "#mesh_atlas" }
			}
		},
		{
			"__comment": "Voxels",
			"from": [ 10.5, 14.375, 8 ],
			"to": [ 11.375, 14.5, 8.125 ],
			"faces": {
				"down": { "uv": [ 11, 11.5, 12.75, 11.75 ], "texture": "#mesh_atlas" },
				"up": { "uv": [ 7.5, 11.75, 9.25, 11.5 ], "texture": "#mesh_atlas" },
				"north": { "uv": [ 9.25, 11.25, 7.5, 11.5 ], "texture": "#mesh_atlas" },
				"south": { "uv": [ 5.75, 11.25, 7.5, 11.5 ], "texture": "#mesh_atlas" },
				"west": { "uv": [ 9.5, 9, 9.75, 9.25 ], "texture": "#mesh_atlas" },
				"east": { "uv": [ 10, 9, 9.75, 9.25 ], "texture": "#mesh_atlas" }
			}
		},
		{
			"__comment": "Voxels",
			"from": [ 10.625, 14.5, 8.125 ],
			"to": [ 10.75, 14.625, 8.25 ],
			"faces": {
				"down": { "uv": [ 10, 9, 10.25, 9.25 ], "texture": "#mesh_atlas" },
				"up": { "uv": [ 10.25, 9.25, 10.5, 9 ], "texture": "#mesh_atlas" },
				"north": { "uv": [ 10.75, 9, 10.5, 9.25 ], "texture": "#mesh_atlas" },
				"south": { "uv": [ 10.75, 9, 11, 9.25 ], "texture": "#mesh_atlas" },
				"west": { "uv": [ 11, 9, 11.25, 9.25 ], "texture": "#mesh_atlas" },
				"east": { "uv": [ 11.5, 9, 11.25, 9.25 ], "texture": "#mesh_atlas" }
			}
		},
		{
			"__comment": "Voxels",
			"from": [ 10.75, 14.25, 8 ],
			"to": [ 11.5, 14.375, 8.125 ],
			"faces": {
				"down": { "uv": [ 10.75, 11.25, 12.25, 11.5 ], "texture": "#mesh_atlas" },
				"up": { "uv": [ 9.25, 11.5, 10.75, 11.25 ], "texture": "#mesh_atlas" },
				"north": { "uv": [ 16, 11.5, 14.5, 11.75 ], "texture": "#mesh_atlas" },
				"south": { "uv": [ 14.5, 12.75, 16, 13 ], "texture": "#mesh_atlas" },
				"west": { "uv": [ 12.5, 9, 12.75, 9.25 ], "texture": "#mesh_atlas" },
				"east": { "uv": [ 13, 9, 12.75, 9.25 ], "texture": "#mesh_atlas" }
			}
		},
		{
			"__comment": "Voxels",
			"from": [ 11, 14.125, 8 ],
			"to": [ 11.5, 14.25, 8.125 ],
			"faces": {
				"down": { "uv": [ 8.75, 10.75, 9.75, 11 ], "texture": "#mesh_atlas" },
				"up": { "uv": [ 9.75, 11, 10.75, 10.75 ], "texture": "#mesh_atlas" },
				"north": { "uv": [ 14.5, 11, 13.5, 11.25 ], "texture": "#mesh_atlas" },
				"south": { "uv": [ 14.5, 11, 15.5, 11.25 ], "texture": "#mesh_atlas" },
				"west": { "uv": [ 14, 9, 14.25, 9.25 ], "texture": "#mesh_atlas" },
				"east": { "uv": [ 14.5, 9, 14.25, 9.25 ], "texture": "#mesh_atlas" }
			}
		},
		{
			"__comment": "Voxels",
			"from": [ 11.25, 14, 8 ],
			"to": [ 11.625, 14.125, 8.125 ],
			"faces": {
				"down": { "uv": [ 6.5, 10.25, 7.25, 10.5 ], "texture": "#mesh_atlas" },
				"up": { "uv": [ 10.25, 10.5, 11, 10.25 ], "texture": "#mesh_atlas" },
				"north": { "uv": [ 13.25, 10.25, 12.5, 10.5 ], "texture": "#mesh_atlas" },
				"south": { "uv": [ 13.25, 10.25, 14, 10.5 ], "texture": "#mesh_atlas" },
				"west": { "uv": [ 15.5, 9, 15.75, 9.25 ], "texture": "#mesh_atlas" },
				"east": { "uv": [ 16, 9, 15.75, 9.25 ], "texture": "#mesh_atlas" }
			}
		},
		{
			"__comment": "Voxels",
			"from": [ 11.375, 13.875, 8 ],
			"to": [ 11.625, 14, 8.125 ],
			"faces": {
				"down": { "uv": [ 13, 9.5, 13.5, 9.75 ], "texture": "#mesh_atlas" },
				"up": { "uv": [ 13.5, 9.75, 14, 9.5 ], "texture": "#mesh_atlas" },
				"north": { "uv": [ 14.5, 9.5, 14, 9.75 ], "texture": "#mesh_atlas" },
				"south": { "uv": [ 14.5, 9.5, 15, 9.75 ], "texture": "#mesh_atlas" },
				"west": { "uv": [ 6.75, 7.75, 7, 8 ], "texture": "#mesh_atlas" },
				"east": { "uv": [ 7, 7.5, 6.75, 7.75 ], "texture": "#mesh_atlas" }
			}
		},
		{
			"__comment": "Voxels",
			"from": [ 11.5, 13.75, 8 ],
			"to": [ 11.625, 13.875, 8.125 ],
			"faces": {
				"down": { "uv": [ 6.75, 7.25, 7, 7.5 ], "texture": "#mesh_atlas" },
				"up": { "uv": [ 6.75, 7.25, 7, 7 ], "texture": "#mesh_atlas" },
				"north": { "uv": [ 7, 6.75, 6.75, 7 ], "texture": "#mesh_atlas" },
				"south": { "uv": [ 6.75, 6.5, 7, 6.75 ], "texture": "#mesh_atlas" },
				"west": { "uv": [ 6.75, 6.25, 7, 6.5 ], "texture": "#mesh_atlas" },
				"east": { "uv": [ 7, 6, 6.75, 6.25 ], "texture": "#mesh_atlas" }
			}
		}
	],
	"display": {
		"thirdperson_righthand": {
			"rotation":  [ 0, 90, 0 ],
			"translation":  [ 0, -13.91, 1.3913 ],
			"scale":  [ 4, 4, 4 ]
		},
		"thirdperson_lefthand": {
			"rotation":  [ 0, -90, 0 ],
			"translation":  [ 0, -13.91, 1.3913 ],
			"scale":  [ 4, 4, 4 ]
		},
		"firstperson_righthand": {
			"rotation":  [ 13, 96, -33 ],
			"translation":  [ 2.7826, -6.259, 0 ],
			"scale":  [ 2.3, 2.3, 2.3 ]
		},
		"firstperson_lefthand": {
			"rotation":  [ -34, -95, -16 ],
			"translation":  [ 1.3912, -6.257, 0 ],
			"scale":  [ 2.3, 2.3, 2.3 ]
		},
		"gui": {
			"rotation":  [ 0, -180, -17 ],
			"translation":  [ 3.4791, -6.955, 13.912 ],
			"scale":  [ 2, 2, 2 ]
		},
		"ground": {
			"translation":  [ 0, -15.3, 0 ],
			"scale":  [ 4, 4, 4 ]
		},
		"fixed": {
			"translation":  [ 0, -6.956, 0 ],
			"scale":  [ 2, 2, 2 ]
		}
	}
}