{
	"__comment": "Designed by 0944831340 with Cubik Studio - https://cubik.studio",
	"textures": {
		"0": "blocks/log_acacia",
		"1": "blocks/coal_ore",
		"2": "blocks/obsidian",
		"particle": "blocks/log_acacia"
	},
	"elements": [ 	 
		{
			"__comment": "Element",
			"from": [ 6, -15, 7 ],
			"to": [ 9, -12, 10 ],
			"faces": {
				"down": { "uv": [ 3.996639, 9.995594, 4.996084, 10.99504 ], "texture": "#1" },
				"up": { "uv": [ 3.996639, 9.995594, 4.996084, 10.99504 ], "texture": "#1" },
				"north": { "uv": [ 3.996639, 9.995594, 4.996084, 10.99504 ], "texture": "#1" },
				"south": { "uv": [ 3.996639, 9.995594, 4.996084, 10.99504 ], "texture": "#1" },
				"west": { "uv": [ 3.996639, 9.995594, 4.996084, 10.99504 ], "texture": "#1" },
				"east": { "uv": [ 3.996639, 9.995594, 4.996084, 10.99504 ], "texture": "#1" }
			}
		},
		{
			"__comment": "Element",
			"from": [ 6.5, -13.5, 7.5 ],
			"to": [ 8.5, -3.5, 9.5 ],
			"faces": {
				"down": { "uv": [ 0, 0, 2, 10 ], "texture": "#0" },
				"up": { "uv": [ 0, 0, 2, 10 ], "texture": "#0" },
				"north": { "uv": [ 0, 0, 2, 10 ], "texture": "#0" },
				"south": { "uv": [ 0, 0, 2, 10 ], "texture": "#0" },
				"west": { "uv": [ 0, 0, 2, 10 ], "texture": "#0" },
				"east": { "uv": [ 0, 0, 2, 10 ], "texture": "#0" }
			}
		},
		{
			"__comment": "Element",
			"from": [ 6, -12, 8 ],
			"to": [ 7, -9, 9 ],
			"faces": {
				"down": { "uv": [ 3.996639, 9.995594, 4.996084, 10.99504 ], "texture": "#1" },
				"up": { "uv": [ 3.996639, 9.995594, 4.996084, 10.99504 ], "texture": "#1" },
				"north": { "uv": [ 3.996639, 9.995594, 4.996084, 10.99504 ], "texture": "#1" },
				"south": { "uv": [ 3.996639, 9.995594, 4.996084, 10.99504 ], "texture": "#1" },
				"west": { "uv": [ 3.996639, 9.995594, 4.996084, 10.99504 ], "texture": "#1" },
				"east": { "uv": [ 3.996639, 9.995594, 4.996084, 10.99504 ], "texture": "#1" }
			}
		},
		{
			"__comment": "Element",
			"from": [ 7, -12, 9 ],
			"to": [ 8, -9, 10 ],
			"faces": {
				"down": { "uv": [ 3.996639, 9.995594, 4.996084, 10.99504 ], "texture": "#1" },
				"up": { "uv": [ 3.996639, 9.995594, 4.996084, 10.99504 ], "texture": "#1" },
				"north": { "uv": [ 3.996639, 9.995594, 4.996084, 10.99504 ], "texture": "#1" },
				"south": { "uv": [ 3.996639, 9.995594, 4.996084, 10.99504 ], "texture": "#1" },
				"west": { "uv": [ 3.996639, 9.995594, 4.996084, 10.99504 ], "texture": "#1" },
				"east": { "uv": [ 3.996639, 9.995594, 4.996084, 10.99504 ], "texture": "#1" }
			}
		},
		{
			"__comment": "Element",
			"from": [ 7, -12, 7 ],
			"to": [ 8, -9, 8 ],
			"faces": {
				"down": { "uv": [ 3.996639, 9.995594, 4.996084, 10.99504 ], "texture": "#1" },
				"up": { "uv": [ 3.996639, 9.995594, 4.996084, 10.99504 ], "texture": "#1" },
				"north": { "uv": [ 3.996639, 9.995594, 4.996084, 10.99504 ], "texture": "#1" },
				"south": { "uv": [ 3.996639, 9.995594, 4.996084, 10.99504 ], "texture": "#1" },
				"west": { "uv": [ 3.996639, 9.995594, 4.996084, 10.99504 ], "texture": "#1" },
				"east": { "uv": [ 3.996639, 9.995594, 4.996084, 10.99504 ], "texture": "#1" }
			}
		},
		{
			"__comment": "Element",
			"from": [ 8, -12, 8 ],
			"to": [ 9, -9, 9 ],
			"faces": {
				"down": { "uv": [ 3.996639, 9.995594, 4.996084, 10.99504 ], "texture": "#1" },
				"up": { "uv": [ 3.996639, 9.995594, 4.996084, 10.99504 ], "texture": "#1" },
				"north": { "uv": [ 3.996639, 9.995594, 4.996084, 10.99504 ], "texture": "#1" },
				"south": { "uv": [ 3.996639, 9.995594, 4.996084, 10.99504 ], "texture": "#1" },
				"west": { "uv": [ 3.996639, 9.995594, 4.996084, 10.99504 ], "texture": "#1" },
				"east": { "uv": [ 3.996639, 9.995594, 4.996084, 10.99504 ], "texture": "#1" }
			}
		},
		{
			"__comment": "Element",
			"from": [ 5, -4, 7 ],
			"to": [ 10, -3, 10 ],
			"faces": {
				"down": { "uv": [ 3.996639, 9.995594, 4.996084, 10.99504 ], "texture": "#1" },
				"up": { "uv": [ 3.996639, 9.995594, 4.996084, 10.99504 ], "texture": "#1" },
				"north": { "uv": [ 3.996639, 9.995594, 4.996084, 10.99504 ], "texture": "#1" },
				"south": { "uv": [ 3.996639, 9.995594, 4.996084, 10.99504 ], "texture": "#1" },
				"west": { "uv": [ 3.996639, 9.995594, 4.996084, 10.99504 ], "texture": "#1" },
				"east": { "uv": [ 3.996639, 9.995594, 4.996084, 10.99504 ], "texture": "#1" }
			}
		},
		{
			"__comment": "Element",
			"from": [ 6, -5, 7 ],
			"to": [ 9, -4, 10 ],
			"faces": {
				"down": { "uv": [ 3.996639, 9.995594, 4.996084, 10.99504 ], "texture": "#1" },
				"up": { "uv": [ 3.996639, 9.995594, 4.996084, 10.99504 ], "texture": "#1" },
				"north": { "uv": [ 3.996639, 9.995594, 4.996084, 10.99504 ], "texture": "#1" },
				"south": { "uv": [ 3.996639, 9.995594, 4.996084, 10.99504 ], "texture": "#1" },
				"west": { "uv": [ 3.996639, 9.995594, 4.996084, 10.99504 ], "texture": "#1" },
				"east": { "uv": [ 3.996639, 9.995594, 4.996084, 10.99504 ], "texture": "#1" }
			}
		},
		{
			"__comment": "Element",
			"from": [ 6, -3, 5 ],
			"to": [ 9, -1, 12 ],
			"faces": {
				"down": { "uv": [ 3.996639, 9.995594, 4.996084, 10.99504 ], "texture": "#1" },
				"up": { "uv": [ 3.996639, 9.995594, 4.996084, 10.99504 ], "texture": "#1" },
				"north": { "uv": [ 3.996639, 9.995594, 4.996084, 10.99504 ], "texture": "#1" },
				"south": { "uv": [ 3.996639, 9.995594, 4.996084, 10.99504 ], "texture": "#1" },
				"west": { "uv": [ 3.996639, 9.995594, 4.996084, 10.99504 ], "texture": "#1" },
				"east": { "uv": [ 3.996639, 9.995594, 4.996084, 10.99504 ], "texture": "#1" }
			}
		},
		{
			"__comment": "Element",
			"from": [ 7.5, -3.5, 7.5 ],
			"to": [ 9.5, -1.5, 9.5 ],
			"faces": {
				"down": { "uv": [ 0, 0, 2, 2 ], "texture": "#0" },
				"up": { "uv": [ 0, 0, 2, 2 ], "texture": "#0" },
				"north": { "uv": [ 0, 0, 2, 2 ], "texture": "#0" },
				"south": { "uv": [ 0, 0, 2, 2 ], "texture": "#0" },
				"west": { "uv": [ 0, 0, 2, 2 ], "texture": "#0" },
				"east": { "uv": [ 0, 0, 2, 2 ], "texture": "#0" }
			}
		},
		{
			"__comment": "Element",
			"from": [ 5.5, -3.5, 7.5 ],
			"to": [ 7.5, -1.5, 9.5 ],
			"faces": {
				"down": { "uv": [ 0, 0, 2, 2 ], "texture": "#0" },
				"up": { "uv": [ 0, 0, 2, 2 ], "texture": "#0" },
				"north": { "uv": [ 0, 0, 2, 2 ], "texture": "#0" },
				"south": { "uv": [ 0, 0, 2, 2 ], "texture": "#0" },
				"west": { "uv": [ 0, 0, 2, 2 ], "texture": "#0" },
				"east": { "uv": [ 0, 0, 2, 2 ], "texture": "#0" }
			}
		},
		{
			"__comment": "Element",
			"from": [ 6, -16, 8 ],
			"to": [ 9, -15, 9 ],
			"faces": {
				"down": { "uv": [ 3.996639, 9.995594, 4.996084, 10.99504 ], "texture": "#1" },
				"up": { "uv": [ 3.996639, 9.995594, 4.996084, 10.99504 ], "texture": "#1" },
				"north": { "uv": [ 3.996639, 9.995594, 4.996084, 10.99504 ], "texture": "#1" },
				"south": { "uv": [ 3.996639, 9.995594, 4.996084, 10.99504 ], "texture": "#1" },
				"west": { "uv": [ 3.996639, 9.995594, 4.996084, 10.99504 ], "texture": "#1" },
				"east": { "uv": [ 3.996639, 9.995594, 4.996084, 10.99504 ], "texture": "#1" }
			}
		},
		{
			"__comment": "Element",
			"from": [ 7, -16, 7 ],
			"to": [ 8, -15, 10 ],
			"faces": {
				"down": { "uv": [ 3.996639, 9.995594, 4.996084, 10.99504 ], "texture": "#1" },
				"up": { "uv": [ 3.996639, 9.995594, 4.996084, 10.99504 ], "texture": "#1" },
				"north": { "uv": [ 3.996639, 9.995594, 4.996084, 10.99504 ], "texture": "#1" },
				"south": { "uv": [ 3.996639, 9.995594, 4.996084, 10.99504 ], "texture": "#1" },
				"west": { "uv": [ 3.996639, 9.995594, 4.996084, 10.99504 ], "texture": "#1" },
				"east": { "uv": [ 3.996639, 9.995594, 4.996084, 10.99504 ], "texture": "#1" }
			}
		},
		{
			"__comment": "Element",
			"from": [ 6.5, -16, 7.5 ],
			"to": [ 8.5, -14, 9.5 ],
			"faces": {
				"down": { "uv": [ 3.996639, 9.995594, 4.996084, 10.99504 ], "texture": "#1" },
				"up": { "uv": [ 3.996639, 9.995594, 4.996084, 10.99504 ], "texture": "#1" },
				"north": { "uv": [ 3.996639, 9.995594, 4.996084, 10.99504 ], "texture": "#1" },
				"south": { "uv": [ 3.996639, 9.995594, 4.996084, 10.99504 ], "texture": "#1" },
				"west": { "uv": [ 3.996639, 9.995594, 4.996084, 10.99504 ], "texture": "#1" },
				"east": { "uv": [ 3.996639, 9.995594, 4.996084, 10.99504 ], "texture": "#1" }
			}
		},
		{
			"__comment": "Element",
			"from": [ 7, -3, 12 ],
			"to": [ 8, -1, 13 ],
			"faces": {
				"down": { "uv": [ 3.996639, 9.995594, 4.996084, 10.99504 ], "texture": "#1" },
				"up": { "uv": [ 3.996639, 9.995594, 4.996084, 10.99504 ], "texture": "#1" },
				"north": { "uv": [ 3.996639, 9.995594, 4.996084, 10.99504 ], "texture": "#1" },
				"south": { "uv": [ 3.996639, 9.995594, 4.996084, 10.99504 ], "texture": "#1" },
				"west": { "uv": [ 3.996639, 9.995594, 4.996084, 10.99504 ], "texture": "#1" },
				"east": { "uv": [ 3.996639, 9.995594, 4.996084, 10.99504 ], "texture": "#1" }
			}
		},
		{
			"__comment": "Element",
			"from": [ 7, -3, 4 ],
			"to": [ 8, -1, 5 ],
			"faces": {
				"down": { "uv": [ 3.996639, 9.995594, 4.996084, 10.99504 ], "texture": "#1" },
				"up": { "uv": [ 3.996639, 9.995594, 4.996084, 10.99504 ], "texture": "#1" },
				"north": { "uv": [ 3.996639, 9.995594, 4.996084, 10.99504 ], "texture": "#1" },
				"south": { "uv": [ 3.996639, 9.995594, 4.996084, 10.99504 ], "texture": "#1" },
				"west": { "uv": [ 3.996639, 9.995594, 4.996084, 10.99504 ], "texture": "#1" },
				"east": { "uv": [ 3.996639, 9.995594, 4.996084, 10.99504 ], "texture": "#1" }
			}
		},
		{
			"__comment": "Element",
			"from": [ 6.5, -3.5, 4.5 ],
			"to": [ 8.5, -1.5, 7.5 ],
			"faces": {
				"down": { "uv": [ 0, 0, 3, 2 ], "texture": "#0" },
				"up": { "uv": [ 0, 0, 3, 2 ], "texture": "#0" },
				"north": { "uv": [ 0, 0, 3, 2 ], "texture": "#0" },
				"south": { "uv": [ 0, 0, 3, 2 ], "texture": "#0" },
				"west": { "uv": [ 0, 0, 3, 2 ], "texture": "#0" },
				"east": { "uv": [ 0, 0, 3, 2 ], "texture": "#0" }
			}
		},
		{
			"__comment": "Element",
			"from": [ 6.5, -3.5, 9.5 ],
			"to": [ 8.5, -1.5, 12.5 ],
			"faces": {
				"down": { "uv": [ 0, 0, 3, 2 ], "texture": "#0" },
				"up": { "uv": [ 0, 0, 3, 2 ], "texture": "#0" },
				"north": { "uv": [ 0, 0, 3, 2 ], "texture": "#0" },
				"south": { "uv": [ 0, 0, 3, 2 ], "texture": "#0" },
				"west": { "uv": [ 0, 0, 3, 2 ], "texture": "#0" },
				"east": { "uv": [ 0, 0, 3, 2 ], "texture": "#0" }
			}
		},
		{
			"__comment": "Element",
			"from": [ 7, -1, 10 ],
			"to": [ 8, 1, 11 ],
			"faces": {
				"down": { "uv": [ 9.999021, 13.99909, 11.99791, 14.99853 ], "texture": "#2" },
				"up": { "uv": [ 9.999021, 13.99909, 11.99791, 14.99853 ], "texture": "#2" },
				"north": { "uv": [ 9.999021, 13.99909, 11.99791, 14.99853 ], "texture": "#2" },
				"south": { "uv": [ 9.999021, 13.99909, 11.99791, 14.99853 ], "texture": "#2" },
				"west": { "uv": [ 9.999021, 13.99909, 11.99791, 14.99853 ], "texture": "#2" },
				"east": { "uv": [ 9.999021, 13.99909, 11.99791, 14.99853 ], "texture": "#2" }
			}
		},
		{
			"__comment": "Element",
			"from": [ 7, -1, 6 ],
			"to": [ 8, 1, 7 ],
			"faces": {
				"down": { "uv": [ 9.999021, 13.99909, 11.99791, 14.99853 ], "texture": "#2" },
				"up": { "uv": [ 9.999021, 13.99909, 11.99791, 14.99853 ], "texture": "#2" },
				"north": { "uv": [ 9.999021, 13.99909, 11.99791, 14.99853 ], "texture": "#2" },
				"south": { "uv": [ 9.999021, 13.99909, 11.99791, 14.99853 ], "texture": "#2" },
				"west": { "uv": [ 9.999021, 13.99909, 11.99791, 14.99853 ], "texture": "#2" },
				"east": { "uv": [ 9.999021, 13.99909, 11.99791, 14.99853 ], "texture": "#2" }
			}
		},
		{
			"__comment": "Element",
			"from": [ 7, 1, 6 ],
			"to": [ 8, 8, 11 ],
			"faces": {
				"down": { "uv": [ 9.999021, 13.99909, 11.99791, 14.99853 ], "texture": "#2" },
				"up": { "uv": [ 9.999021, 13.99909, 11.99791, 14.99853 ], "texture": "#2" },
				"north": { "uv": [ 9.999021, 13.99909, 11.99791, 14.99853 ], "texture": "#2" },
				"south": { "uv": [ 9.999021, 13.99909, 11.99791, 14.99853 ], "texture": "#2" },
				"west": { "uv": [ 9.999021, 13.99909, 11.99791, 14.99853 ], "texture": "#2" },
				"east": { "uv": [ 9.999021, 13.99909, 11.99791, 14.99853 ], "texture": "#2" }
			}
		},
		{
			"__comment": "Element",
			"from": [ 7, 8, 7 ],
			"to": [ 8, 28, 10 ],
			"faces": {
				"down": { "uv": [ 9.999021, 13.99909, 11.99791, 14.99853 ], "texture": "#2" },
				"up": { "uv": [ 9.999021, 13.99909, 11.99791, 14.99853 ], "texture": "#2" },
				"north": { "uv": [ 9.999021, 13.99909, 11.99791, 14.99853 ], "texture": "#2" },
				"south": { "uv": [ 9.999021, 13.99909, 11.99791, 14.99853 ], "texture": "#2" },
				"west": { "uv": [ 9.999021, 13.99909, 11.99791, 14.99853 ], "texture": "#2" },
				"east": { "uv": [ 9.999021, 13.99909, 11.99791, 14.99853 ], "texture": "#2" }
			}
		},
		{
			"__comment": "Element",
			"from": [ 7, 28, 8 ],
			"to": [ 8, 32, 9 ],
			"faces": {
				"down": { "uv": [ 9.999021, 13.99909, 11.99791, 14.99853 ], "texture": "#2" },
				"up": { "uv": [ 9.999021, 13.99909, 11.99791, 14.99853 ], "texture": "#2" },
				"north": { "uv": [ 9.999021, 13.99909, 11.99791, 14.99853 ], "texture": "#2" },
				"south": { "uv": [ 9.999021, 13.99909, 11.99791, 14.99853 ], "texture": "#2" },
				"west": { "uv": [ 9.999021, 13.99909, 11.99791, 14.99853 ], "texture": "#2" },
				"east": { "uv": [ 9.999021, 13.99909, 11.99791, 14.99853 ], "texture": "#2" }
			}
		},
		{
			"__comment": "Element",
			"from": [ 7, 0, 7 ],
			"to": [ 8, 1, 10 ],
			"faces": {
				"down": { "uv": [ 3.996639, 9.995594, 4.996084, 10.99504 ], "texture": "#1" },
				"up": { "uv": [ 3.996639, 9.995594, 4.996084, 10.99504 ], "texture": "#1" },
				"north": { "uv": [ 3.996639, 9.995594, 4.996084, 10.99504 ], "texture": "#1" },
				"south": { "uv": [ 3.996639, 9.995594, 4.996084, 10.99504 ], "texture": "#1" },
				"west": { "uv": [ 3.996639, 9.995594, 4.996084, 10.99504 ], "texture": "#1" },
				"east": { "uv": [ 3.996639, 9.995594, 4.996084, 10.99504 ], "texture": "#1" }
			}
		},
		{
			"__comment": "Element",
			"from": [ 6.5, -1.5, 7.5 ],
			"to": [ 8.5, 7.5, 9.5 ],
			"faces": {
				"down": { "uv": [ 3.996639, 9.995594, 4.996084, 10.99504 ], "texture": "#1" },
				"up": { "uv": [ 3.996639, 9.995594, 4.996084, 10.99504 ], "texture": "#1" },
				"north": { "uv": [ 3.996639, 9.995594, 4.996084, 10.99504 ], "texture": "#1" },
				"south": { "uv": [ 3.996639, 9.995594, 4.996084, 10.99504 ], "texture": "#1" },
				"west": { "uv": [ 3.996639, 9.995594, 4.996084, 10.99504 ], "texture": "#1" },
				"east": { "uv": [ 3.996639, 9.995594, 4.996084, 10.99504 ], "texture": "#1" }
			}
		},
		{
			"__comment": "Element",
			"from": [ 7, -1, 13 ],
			"to": [ 8, 1, 14 ],
			"faces": {
				"down": { "uv": [ 3.996639, 9.995594, 4.996084, 10.99504 ], "texture": "#1" },
				"up": { "uv": [ 3.996639, 9.995594, 4.996084, 10.99504 ], "texture": "#1" },
				"north": { "uv": [ 3.996639, 9.995594, 4.996084, 10.99504 ], "texture": "#1" },
				"south": { "uv": [ 3.996639, 9.995594, 4.996084, 10.99504 ], "texture": "#1" },
				"west": { "uv": [ 3.996639, 9.995594, 4.996084, 10.99504 ], "texture": "#1" },
				"east": { "uv": [ 3.996639, 9.995594, 4.996084, 10.99504 ], "texture": "#1" }
			}
		},
		{
			"__comment": "Element",
			"from": [ 7, -1, 3 ],
			"to": [ 8, 1, 4 ],
			"faces": {
				"down": { "uv": [ 3.996639, 9.995594, 4.996084, 10.99504 ], "texture": "#1" },
				"up": { "uv": [ 3.996639, 9.995594, 4.996084, 10.99504 ], "texture": "#1" },
				"north": { "uv": [ 3.996639, 9.995594, 4.996084, 10.99504 ], "texture": "#1" },
				"south": { "uv": [ 3.996639, 9.995594, 4.996084, 10.99504 ], "texture": "#1" },
				"west": { "uv": [ 3.996639, 9.995594, 4.996084, 10.99504 ], "texture": "#1" },
				"east": { "uv": [ 3.996639, 9.995594, 4.996084, 10.99504 ], "texture": "#1" }
			}
		},
		{
			"__comment": "Element",
			"from": [ 7, -2, 0 ],
			"to": [ 8, 1, 3 ],
			"faces": {
				"down": { "uv": [ 3.996639, 9.995594, 4.996084, 10.99504 ], "texture": "#1" },
				"up": { "uv": [ 3.996639, 9.995594, 4.996084, 10.99504 ], "texture": "#1" },
				"north": { "uv": [ 3.996639, 9.995594, 4.996084, 10.99504 ], "texture": "#1" },
				"south": { "uv": [ 3.996639, 9.995594, 4.996084, 10.99504 ], "texture": "#1" },
				"west": { "uv": [ 3.996639, 9.995594, 4.996084, 10.99504 ], "texture": "#1" },
				"east": { "uv": [ 3.996639, 9.995594, 4.996084, 10.99504 ], "texture": "#1" }
			}
		},
		{
			"__comment": "Element",
			"from": [ 7, -2, 14 ],
			"to": [ 8, 1, 17 ],
			"faces": {
				"down": { "uv": [ 3.996639, 9.995594, 4.996084, 10.99504 ], "texture": "#1" },
				"up": { "uv": [ 3.996639, 9.995594, 4.996084, 10.99504 ], "texture": "#1" },
				"north": { "uv": [ 3.996639, 9.995594, 4.996084, 10.99504 ], "texture": "#1" },
				"south": { "uv": [ 3.996639, 9.995594, 4.996084, 10.99504 ], "texture": "#1" },
				"west": { "uv": [ 3.996639, 9.995594, 4.996084, 10.99504 ], "texture": "#1" },
				"east": { "uv": [ 3.996639, 9.995594, 4.996084, 10.99504 ], "texture": "#1" }
			}
		},
		{
			"__comment": "Element",
			"from": [ 7, -2, 17 ],
			"to": [ 8, 0, 18 ],
			"faces": {
				"down": { "uv": [ 3.996639, 9.995594, 4.996084, 10.99504 ], "texture": "#1" },
				"up": { "uv": [ 3.996639, 9.995594, 4.996084, 10.99504 ], "texture": "#1" },
				"north": { "uv": [ 3.996639, 9.995594, 4.996084, 10.99504 ], "texture": "#1" },
				"south": { "uv": [ 3.996639, 9.995594, 4.996084, 10.99504 ], "texture": "#1" },
				"west": { "uv": [ 3.996639, 9.995594, 4.996084, 10.99504 ], "texture": "#1" },
				"east": { "uv": [ 3.996639, 9.995594, 4.996084, 10.99504 ], "texture": "#1" }
			}
		},
		{
			"__comment": "Element",
			"from": [ 7, -2, -1 ],
			"to": [ 8, 0, 0 ],
			"faces": {
				"down": { "uv": [ 3.996639, 9.995594, 4.996084, 10.99504 ], "texture": "#1" },
				"up": { "uv": [ 3.996639, 9.995594, 4.996084, 10.99504 ], "texture": "#1" },
				"north": { "uv": [ 3.996639, 9.995594, 4.996084, 10.99504 ], "texture": "#1" },
				"south": { "uv": [ 3.996639, 9.995594, 4.996084, 10.99504 ], "texture": "#1" },
				"west": { "uv": [ 3.996639, 9.995594, 4.996084, 10.99504 ], "texture": "#1" },
				"east": { "uv": [ 3.996639, 9.995594, 4.996084, 10.99504 ], "texture": "#1" }
			}
		},
		{
			"__comment": "Element",
			"from": [ 7, -1, 4 ],
			"to": [ 8, 0, 5 ],
			"faces": {
				"down": { "uv": [ 3.996639, 9.995594, 4.996084, 10.99504 ], "texture": "#1" },
				"up": { "uv": [ 3.996639, 9.995594, 4.996084, 10.99504 ], "texture": "#1" },
				"north": { "uv": [ 3.996639, 9.995594, 4.996084, 10.99504 ], "texture": "#1" },
				"south": { "uv": [ 3.996639, 9.995594, 4.996084, 10.99504 ], "texture": "#1" },
				"west": { "uv": [ 3.996639, 9.995594, 4.996084, 10.99504 ], "texture": "#1" },
				"east": { "uv": [ 3.996639, 9.995594, 4.996084, 10.99504 ], "texture": "#1" }
			}
		},
		{
			"__comment": "Element",
			"from": [ 7, -1, 12 ],
			"to": [ 8, 0, 13 ],
			"faces": {
				"down": { "uv": [ 3.996639, 9.995594, 4.996084, 10.99504 ], "texture": "#1" },
				"up": { "uv": [ 3.996639, 9.995594, 4.996084, 10.99504 ], "texture": "#1" },
				"north": { "uv": [ 3.996639, 9.995594, 4.996084, 10.99504 ], "texture": "#1" },
				"south": { "uv": [ 3.996639, 9.995594, 4.996084, 10.99504 ], "texture": "#1" },
				"west": { "uv": [ 3.996639, 9.995594, 4.996084, 10.99504 ], "texture": "#1" },
				"east": { "uv": [ 3.996639, 9.995594, 4.996084, 10.99504 ], "texture": "#1" }
			}
		},
		{
			"__comment": "Element",
			"from": [ 7, 1, 5 ],
			"to": [ 8, 2, 6 ],
			"faces": {
				"down": { "uv": [ 9.999021, 13.99909, 11.99791, 14.99853 ], "texture": "#2" },
				"up": { "uv": [ 9.999021, 13.99909, 11.99791, 14.99853 ], "texture": "#2" },
				"north": { "uv": [ 9.999021, 13.99909, 11.99791, 14.99853 ], "texture": "#2" },
				"south": { "uv": [ 9.999021, 13.99909, 11.99791, 14.99853 ], "texture": "#2" },
				"west": { "uv": [ 9.999021, 13.99909, 11.99791, 14.99853 ], "texture": "#2" },
				"east": { "uv": [ 9.999021, 13.99909, 11.99791, 14.99853 ], "texture": "#2" }
			}
		},
		{
			"__comment": "Element",
			"from": [ 7, 1, 11 ],
			"to": [ 8, 2, 12 ],
			"faces": {
				"down": { "uv": [ 9.999021, 13.99909, 11.99791, 14.99853 ], "texture": "#2" },
				"up": { "uv": [ 9.999021, 13.99909, 11.99791, 14.99853 ], "texture": "#2" },
				"north": { "uv": [ 9.999021, 13.99909, 11.99791, 14.99853 ], "texture": "#2" },
				"south": { "uv": [ 9.999021, 13.99909, 11.99791, 14.99853 ], "texture": "#2" },
				"west": { "uv": [ 9.999021, 13.99909, 11.99791, 14.99853 ], "texture": "#2" },
				"east": { "uv": [ 9.999021, 13.99909, 11.99791, 14.99853 ], "texture": "#2" }
			}
		},
		{
			"__comment": "Element",
			"from": [ 7, 2, 12 ],
			"to": [ 8, 3, 13 ],
			"faces": {
				"down": { "uv": [ 9.999021, 13.99909, 11.99791, 14.99853 ], "texture": "#2" },
				"up": { "uv": [ 9.999021, 13.99909, 11.99791, 14.99853 ], "texture": "#2" },
				"north": { "uv": [ 9.999021, 13.99909, 11.99791, 14.99853 ], "texture": "#2" },
				"south": { "uv": [ 9.999021, 13.99909, 11.99791, 14.99853 ], "texture": "#2" },
				"west": { "uv": [ 9.999021, 13.99909, 11.99791, 14.99853 ], "texture": "#2" },
				"east": { "uv": [ 9.999021, 13.99909, 11.99791, 14.99853 ], "texture": "#2" }
			}
		},
		{
			"__comment": "Element",
			"from": [ 7, 2, 4 ],
			"to": [ 8, 3, 5 ],
			"faces": {
				"down": { "uv": [ 9.999021, 13.99909, 11.99791, 14.99853 ], "texture": "#2" },
				"up": { "uv": [ 9.999021, 13.99909, 11.99791, 14.99853 ], "texture": "#2" },
				"north": { "uv": [ 9.999021, 13.99909, 11.99791, 14.99853 ], "texture": "#2" },
				"south": { "uv": [ 9.999021, 13.99909, 11.99791, 14.99853 ], "texture": "#2" },
				"west": { "uv": [ 9.999021, 13.99909, 11.99791, 14.99853 ], "texture": "#2" },
				"east": { "uv": [ 9.999021, 13.99909, 11.99791, 14.99853 ], "texture": "#2" }
			}
		}
	],
	"display": {
		"thirdperson_righthand": {
			"rotation":  [ -13, 0, 0 ],
			"translation":  [ 0, 9.5, -1 ],
			"scale":  [ 0.6, 0.725, 0.6 ]
		},
		"thirdperson_lefthand": {
			"rotation":  [ -13, 0, 0 ],
			"translation":  [ 0, 9.5, -1 ],
			"scale":  [ 0.6, 0.725, 0.6 ]
		},
		"firstperson_righthand": {
			"translation":  [ 0, 9, -2 ],
			"scale":  [ 0.6, 0.725, 0.5 ]
		},
		"firstperson_lefthand": {
			"translation":  [ 0, 9, -2.5 ],
			"scale":  [ 0.6, 0.725, 0.5 ]
		},
		"gui": {
			"rotation":  [ 0, 92, 0 ],
			"scale":  [ 0.3, 0.35, 0.2 ]
		},
		"head": {
			"translation":  [ 0, 9, -0.5 ],
			"scale":  [ 0.6, 0.725, 0.5 ]
		},
		"ground": {
			"translation":  [ 0, 9, -0.5 ],
			"scale":  [ 0.3, 0.5, 0.4 ]
		}
	}
}