{
	"__comment": "Designed by 0944831340 with Cubik Studio - https://cubik.studio",
	"textures": {
		"0": "blocks/log_acacia_top",
		"1": "blocks/sandstone_bottom",
		"2": "blocks/cobblestone",
		"particle": "blocks/log_acacia_top"
	},
	"elements": [ 	 
		{
			"__comment": "Element",
			"from": [ 7, -16, 5 ],
			"to": [ 8, -15, 10 ],
			"faces": {
				"down": { "uv": [ 6.999543, 6.999543, 8.998433, 8.998434 ], "texture": "#0" },
				"up": { "uv": [ 6.999543, 6.999543, 8.998433, 8.998434 ], "texture": "#0" },
				"north": { "uv": [ 6.999543, 6.999543, 8.998433, 8.998434 ], "texture": "#0" },
				"south": { "uv": [ 6.999543, 6.999543, 8.998433, 8.998434 ], "texture": "#0" },
				"west": { "uv": [ 6.999543, 6.999543, 8.998433, 8.998434 ], "texture": "#0" },
				"east": { "uv": [ 6.999543, 6.999543, 8.998433, 8.998434 ], "texture": "#0" }
			}
		},
		{
			"__comment": "Element",
			"from": [ 6, -16, 7 ],
			"to": [ 9, -15, 8 ],
			"faces": {
				"down": { "uv": [ 6.999543, 6.999543, 8.998433, 8.998434 ], "texture": "#0" },
				"up": { "uv": [ 6.999543, 6.999543, 8.998433, 8.998434 ], "texture": "#0" },
				"north": { "uv": [ 6.999543, 6.999543, 8.998433, 8.998434 ], "texture": "#0" },
				"south": { "uv": [ 6.999543, 6.999543, 8.998433, 8.998434 ], "texture": "#0" },
				"west": { "uv": [ 6.999543, 6.999543, 8.998433, 8.998434 ], "texture": "#0" },
				"east": { "uv": [ 6.999543, 6.999543, 8.998433, 8.998434 ], "texture": "#0" }
			}
		},
		{
			"__comment": "Element",
			"from": [ 6.5, -15.5, 6.5 ],
			"to": [ 8.5, -13.5, 8.5 ],
			"faces": {
				"down": { "uv": [ 0, 0, 2, 2 ], "texture": "#2" },
				"up": { "uv": [ 0, 0, 2, 2 ], "texture": "#2" },
				"north": { "uv": [ 0, 0, 2, 2 ], "texture": "#2" },
				"south": { "uv": [ 0, 0, 2, 2 ], "texture": "#2" },
				"west": { "uv": [ 0, 0, 2, 2 ], "texture": "#2" },
				"east": { "uv": [ 0, 0, 2, 2 ], "texture": "#2" }
			}
		},
		{
			"__comment": "Element",
			"from": [ 6, -14, 7 ],
			"to": [ 9, -13, 8 ],
			"faces": {
				"down": { "uv": [ 6.999543, 6.999543, 8.998433, 8.998434 ], "texture": "#0" },
				"up": { "uv": [ 6.999543, 6.999543, 8.998433, 8.998434 ], "texture": "#0" },
				"north": { "uv": [ 6.999543, 6.999543, 8.998433, 8.998434 ], "texture": "#0" },
				"south": { "uv": [ 6.999543, 6.999543, 8.998433, 8.998434 ], "texture": "#0" },
				"west": { "uv": [ 6.999543, 6.999543, 8.998433, 8.998434 ], "texture": "#0" },
				"east": { "uv": [ 6.999543, 6.999543, 8.998433, 8.998434 ], "texture": "#0" }
			}
		},
		{
			"__comment": "Element",
			"from": [ 7, -14, 6 ],
			"to": [ 8, -13, 9 ],
			"faces": {
				"down": { "uv": [ 6.999543, 6.999543, 8.998433, 8.998434 ], "texture": "#0" },
				"up": { "uv": [ 6.999543, 6.999543, 8.998433, 8.998434 ], "texture": "#0" },
				"north": { "uv": [ 6.999543, 6.999543, 8.998433, 8.998434 ], "texture": "#0" },
				"south": { "uv": [ 6.999543, 6.999543, 8.998433, 8.998434 ], "texture": "#0" },
				"west": { "uv": [ 6.999543, 6.999543, 8.998433, 8.998434 ], "texture": "#0" },
				"east": { "uv": [ 6.999543, 6.999543, 8.998433, 8.998434 ], "texture": "#0" }
			}
		},
		{
			"__comment": "Element",
			"from": [ 6.5, -13.5, 6.5 ],
			"to": [ 8.5, -8.5, 8.5 ],
			"faces": {
				"down": { "uv": [ 0, 0, 1, 1 ], "texture": "#1" },
				"up": { "uv": [ 0, 0, 1, 1 ], "texture": "#1" },
				"north": { "uv": [ 0, 0, 1, 1 ], "texture": "#1" },
				"south": { "uv": [ 0, 0, 1, 1 ], "texture": "#1" },
				"west": { "uv": [ 0, 0, 1, 1 ], "texture": "#1" },
				"east": { "uv": [ 0, 0, 1, 1 ], "texture": "#1" }
			}
		},
		{
			"__comment": "Element",
			"from": [ 6, -9, 7 ],
			"to": [ 9, -8, 8 ],
			"faces": {
				"down": { "uv": [ 6.999543, 6.999543, 8.998433, 8.998434 ], "texture": "#0" },
				"up": { "uv": [ 6.999543, 6.999543, 8.998433, 8.998434 ], "texture": "#0" },
				"north": { "uv": [ 6.999543, 6.999543, 8.998433, 8.998434 ], "texture": "#0" },
				"south": { "uv": [ 6.999543, 6.999543, 8.998433, 8.998434 ], "texture": "#0" },
				"west": { "uv": [ 6.999543, 6.999543, 8.998433, 8.998434 ], "texture": "#0" },
				"east": { "uv": [ 6.999543, 6.999543, 8.998433, 8.998434 ], "texture": "#0" }
			}
		},
		{
			"__comment": "Element",
			"from": [ 7, -9, 6 ],
			"to": [ 8, -2, 9 ],
			"faces": {
				"down": { "uv": [ 6.999543, 6.999543, 8.998433, 8.998434 ], "texture": "#0" },
				"up": { "uv": [ 6.999543, 6.999543, 8.998433, 8.998434 ], "texture": "#0" },
				"north": { "uv": [ 6.999543, 6.999543, 8.998433, 8.998434 ], "texture": "#0" },
				"south": { "uv": [ 6.999543, 6.999543, 8.998433, 8.998434 ], "texture": "#0" },
				"west": { "uv": [ 6.999543, 6.999543, 8.998433, 8.998434 ], "texture": "#0" },
				"east": { "uv": [ 6.999543, 6.999543, 8.998433, 8.998434 ], "texture": "#0" }
			}
		},
		{
			"__comment": "Element",
			"from": [ 6.5, -8.5, 6.5 ],
			"to": [ 8.5, -2.5, 8.5 ],
			"faces": {
				"down": { "uv": [ 0, 0, 1, 1 ], "texture": "#1" },
				"up": { "uv": [ 0, 0, 1, 1 ], "texture": "#1" },
				"north": { "uv": [ 0, 0, 1, 1 ], "texture": "#1" },
				"south": { "uv": [ 0, 0, 1, 1 ], "texture": "#1" },
				"west": { "uv": [ 0, 0, 1, 1 ], "texture": "#1" },
				"east": { "uv": [ 0, 0, 1, 1 ], "texture": "#1" }
			}
		},
		{
			"__comment": "Element",
			"from": [ 7, -15, 5 ],
			"to": [ 8, -14, 6 ],
			"faces": {
				"down": { "uv": [ 6.999543, 6.999543, 8.998433, 8.998434 ], "texture": "#0" },
				"up": { "uv": [ 6.999543, 6.999543, 8.998433, 8.998434 ], "texture": "#0" },
				"north": { "uv": [ 6.999543, 6.999543, 8.998433, 8.998434 ], "texture": "#0" },
				"south": { "uv": [ 6.999543, 6.999543, 8.998433, 8.998434 ], "texture": "#0" },
				"west": { "uv": [ 6.999543, 6.999543, 8.998433, 8.998434 ], "texture": "#0" },
				"east": { "uv": [ 6.999543, 6.999543, 8.998433, 8.998434 ], "texture": "#0" }
			}
		},
		{
			"__comment": "Element",
			"from": [ 7, -15, 9 ],
			"to": [ 8, -14, 10 ],
			"faces": {
				"down": { "uv": [ 6.999543, 6.999543, 8.998433, 8.998434 ], "texture": "#0" },
				"up": { "uv": [ 6.999543, 6.999543, 8.998433, 8.998434 ], "texture": "#0" },
				"north": { "uv": [ 6.999543, 6.999543, 8.998433, 8.998434 ], "texture": "#0" },
				"south": { "uv": [ 6.999543, 6.999543, 8.998433, 8.998434 ], "texture": "#0" },
				"west": { "uv": [ 6.999543, 6.999543, 8.998433, 8.998434 ], "texture": "#0" },
				"east": { "uv": [ 6.999543, 6.999543, 8.998433, 8.998434 ], "texture": "#0" }
			}
		},
		{
			"__comment": "Element",
			"from": [ 6, -3, 6 ],
			"to": [ 9, -2, 9 ],
			"faces": {
				"down": { "uv": [ 0, 0, 1, 1 ], "texture": "#1" },
				"up": { "uv": [ 0, 0, 1, 1 ], "texture": "#1" },
				"north": { "uv": [ 0, 0, 1, 1 ], "texture": "#1" },
				"south": { "uv": [ 0, 0, 1, 1 ], "texture": "#1" },
				"west": { "uv": [ 0, 0, 1, 1 ], "texture": "#1" },
				"east": { "uv": [ 0, 0, 1, 1 ], "texture": "#1" }
			}
		},
		{
			"__comment": "Element",
			"from": [ 6, -2, 8 ],
			"to": [ 9, -1, 10 ],
			"faces": {
				"down": { "uv": [ 0, 0, 1, 1 ], "texture": "#1" },
				"up": { "uv": [ 0, 0, 1, 1 ], "texture": "#1" },
				"north": { "uv": [ 0, 0, 1, 1 ], "texture": "#1" },
				"south": { "uv": [ 0, 0, 1, 1 ], "texture": "#1" },
				"west": { "uv": [ 0, 0, 1, 1 ], "texture": "#1" },
				"east": { "uv": [ 0, 0, 1, 1 ], "texture": "#1" }
			}
		},
		{
			"__comment": "Element",
			"from": [ 6, -2, 5 ],
			"to": [ 9, -1, 7 ],
			"faces": {
				"down": { "uv": [ 0, 0, 1, 1 ], "texture": "#1" },
				"up": { "uv": [ 0, 0, 1, 1 ], "texture": "#1" },
				"north": { "uv": [ 0, 0, 1, 1 ], "texture": "#1" },
				"south": { "uv": [ 0, 0, 1, 1 ], "texture": "#1" },
				"west": { "uv": [ 0, 0, 1, 1 ], "texture": "#1" },
				"east": { "uv": [ 0, 0, 1, 1 ], "texture": "#1" }
			}
		},
		{
			"__comment": "Element",
			"from": [ 6, 1, 5 ],
			"to": [ 9, 2, 7 ],
			"faces": {
				"down": { "uv": [ 0, 0, 1, 1 ], "texture": "#1" },
				"up": { "uv": [ 0, 0, 1, 1 ], "texture": "#1" },
				"north": { "uv": [ 0, 0, 1, 1 ], "texture": "#1" },
				"south": { "uv": [ 0, 0, 1, 1 ], "texture": "#1" },
				"west": { "uv": [ 0, 0, 1, 1 ], "texture": "#1" },
				"east": { "uv": [ 0, 0, 1, 1 ], "texture": "#1" }
			}
		},
		{
			"__comment": "Element",
			"from": [ 6, 1, 8 ],
			"to": [ 9, 2, 10 ],
			"faces": {
				"down": { "uv": [ 0, 0, 1, 1 ], "texture": "#1" },
				"up": { "uv": [ 0, 0, 1, 1 ], "texture": "#1" },
				"north": { "uv": [ 0, 0, 1, 1 ], "texture": "#1" },
				"south": { "uv": [ 0, 0, 1, 1 ], "texture": "#1" },
				"west": { "uv": [ 0, 0, 1, 1 ], "texture": "#1" },
				"east": { "uv": [ 0, 0, 1, 1 ], "texture": "#1" }
			}
		},
		{
			"__comment": "Element",
			"from": [ 6, 2, 6 ],
			"to": [ 9, 3, 9 ],
			"faces": {
				"down": { "uv": [ 6.999543, 6.999543, 8.998433, 8.998434 ], "texture": "#0" },
				"up": { "uv": [ 6.999543, 6.999543, 8.998433, 8.998434 ], "texture": "#0" },
				"north": { "uv": [ 6.999543, 6.999543, 8.998433, 8.998434 ], "texture": "#0" },
				"south": { "uv": [ 6.999543, 6.999543, 8.998433, 8.998434 ], "texture": "#0" },
				"west": { "uv": [ 6.999543, 6.999543, 8.998433, 8.998434 ], "texture": "#0" },
				"east": { "uv": [ 6.999543, 6.999543, 8.998433, 8.998434 ], "texture": "#0" }
			}
		},
		{
			"__comment": "Element",
			"from": [ 6, -1, 10 ],
			"to": [ 9, 1, 11 ],
			"faces": {
				"down": { "uv": [ 0, 0, 1, 1 ], "texture": "#1" },
				"up": { "uv": [ 0, 0, 1, 1 ], "texture": "#1" },
				"north": { "uv": [ 0, 0, 1, 1 ], "texture": "#1" },
				"south": { "uv": [ 0, 0, 1, 1 ], "texture": "#1" },
				"west": { "uv": [ 0, 0, 1, 1 ], "texture": "#1" },
				"east": { "uv": [ 0, 0, 1, 1 ], "texture": "#1" }
			}
		},
		{
			"__comment": "Element",
			"from": [ 6, -1, 4 ],
			"to": [ 9, 1, 5 ],
			"faces": {
				"down": { "uv": [ 0, 0, 1, 1 ], "texture": "#1" },
				"up": { "uv": [ 0, 0, 1, 1 ], "texture": "#1" },
				"north": { "uv": [ 0, 0, 1, 1 ], "texture": "#1" },
				"south": { "uv": [ 0, 0, 1, 1 ], "texture": "#1" },
				"west": { "uv": [ 0, 0, 1, 1 ], "texture": "#1" },
				"east": { "uv": [ 0, 0, 1, 1 ], "texture": "#1" }
			}
		},
		{
			"__comment": "Element",
			"from": [ 7, -2, 2 ],
			"to": [ 8, 0, 5 ],
			"faces": {
				"down": { "uv": [ 6.999543, 6.999543, 8.998433, 8.998434 ], "texture": "#0" },
				"up": { "uv": [ 6.999543, 6.999543, 8.998433, 8.998434 ], "texture": "#0" },
				"north": { "uv": [ 6.999543, 6.999543, 8.998433, 8.998434 ], "texture": "#0" },
				"south": { "uv": [ 6.999543, 6.999543, 8.998433, 8.998434 ], "texture": "#0" },
				"west": { "uv": [ 6.999543, 6.999543, 8.998433, 8.998434 ], "texture": "#0" },
				"east": { "uv": [ 6.999543, 6.999543, 8.998433, 8.998434 ], "texture": "#0" }
			}
		},
		{
			"__comment": "Element",
			"from": [ 7, -2, 10 ],
			"to": [ 8, 0, 13 ],
			"faces": {
				"down": { "uv": [ 6.999543, 6.999543, 8.998433, 8.998434 ], "texture": "#0" },
				"up": { "uv": [ 6.999543, 6.999543, 8.998433, 8.998434 ], "texture": "#0" },
				"north": { "uv": [ 6.999543, 6.999543, 8.998433, 8.998434 ], "texture": "#0" },
				"south": { "uv": [ 6.999543, 6.999543, 8.998433, 8.998434 ], "texture": "#0" },
				"west": { "uv": [ 6.999543, 6.999543, 8.998433, 8.998434 ], "texture": "#0" },
				"east": { "uv": [ 6.999543, 6.999543, 8.998433, 8.998434 ], "texture": "#0" }
			}
		},
		{
			"__comment": "Element",
			"from": [ 7, -3, 10 ],
			"to": [ 8, -2, 11 ],
			"faces": {
				"down": { "uv": [ 6.999543, 6.999543, 8.998433, 8.998434 ], "texture": "#0" },
				"up": { "uv": [ 6.999543, 6.999543, 8.998433, 8.998434 ], "texture": "#0" },
				"north": { "uv": [ 6.999543, 6.999543, 8.998433, 8.998434 ], "texture": "#0" },
				"south": { "uv": [ 6.999543, 6.999543, 8.998433, 8.998434 ], "texture": "#0" },
				"west": { "uv": [ 6.999543, 6.999543, 8.998433, 8.998434 ], "texture": "#0" },
				"east": { "uv": [ 6.999543, 6.999543, 8.998433, 8.998434 ], "texture": "#0" }
			}
		},
		{
			"__comment": "Element",
			"from": [ 7, -3, 4 ],
			"to": [ 8, -2, 5 ],
			"faces": {
				"down": { "uv": [ 6.999543, 6.999543, 8.998433, 8.998434 ], "texture": "#0" },
				"up": { "uv": [ 6.999543, 6.999543, 8.998433, 8.998434 ], "texture": "#0" },
				"north": { "uv": [ 6.999543, 6.999543, 8.998433, 8.998434 ], "texture": "#0" },
				"south": { "uv": [ 6.999543, 6.999543, 8.998433, 8.998434 ], "texture": "#0" },
				"west": { "uv": [ 6.999543, 6.999543, 8.998433, 8.998434 ], "texture": "#0" },
				"east": { "uv": [ 6.999543, 6.999543, 8.998433, 8.998434 ], "texture": "#0" }
			}
		},
		{
			"__comment": "Element",
			"from": [ 7, 0, -2 ],
			"to": [ 8, 1, 3 ],
			"faces": {
				"down": { "uv": [ 6.999543, 6.999543, 8.998433, 8.998434 ], "texture": "#0" },
				"up": { "uv": [ 6.999543, 6.999543, 8.998433, 8.998434 ], "texture": "#0" },
				"north": { "uv": [ 6.999543, 6.999543, 8.998433, 8.998434 ], "texture": "#0" },
				"south": { "uv": [ 6.999543, 6.999543, 8.998433, 8.998434 ], "texture": "#0" },
				"west": { "uv": [ 6.999543, 6.999543, 8.998433, 8.998434 ], "texture": "#0" },
				"east": { "uv": [ 6.999543, 6.999543, 8.998433, 8.998434 ], "texture": "#0" }
			}
		},
		{
			"__comment": "Element",
			"from": [ 7, 0, 12 ],
			"to": [ 8, 1, 17 ],
			"faces": {
				"down": { "uv": [ 6.999543, 6.999543, 8.998433, 8.998434 ], "texture": "#0" },
				"up": { "uv": [ 6.999543, 6.999543, 8.998433, 8.998434 ], "texture": "#0" },
				"north": { "uv": [ 6.999543, 6.999543, 8.998433, 8.998434 ], "texture": "#0" },
				"south": { "uv": [ 6.999543, 6.999543, 8.998433, 8.998434 ], "texture": "#0" },
				"west": { "uv": [ 6.999543, 6.999543, 8.998433, 8.998434 ], "texture": "#0" },
				"east": { "uv": [ 6.999543, 6.999543, 8.998433, 8.998434 ], "texture": "#0" }
			}
		},
		{
			"__comment": "Element",
			"from": [ 7, -1, 13 ],
			"to": [ 8, 0, 14 ],
			"faces": {
				"down": { "uv": [ 0, 0, 1, 1 ], "texture": "#1" },
				"up": { "uv": [ 0, 0, 1, 1 ], "texture": "#1" },
				"north": { "uv": [ 0, 0, 1, 1 ], "texture": "#1" },
				"south": { "uv": [ 0, 0, 1, 1 ], "texture": "#1" },
				"west": { "uv": [ 0, 0, 1, 1 ], "texture": "#1" },
				"east": { "uv": [ 0, 0, 1, 1 ], "texture": "#1" }
			}
		},
		{
			"__comment": "Element",
			"from": [ 7, -1, 1 ],
			"to": [ 8, 0, 2 ],
			"faces": {
				"down": { "uv": [ 0, 0, 1, 1 ], "texture": "#1" },
				"up": { "uv": [ 0, 0, 1, 1 ], "texture": "#1" },
				"north": { "uv": [ 0, 0, 1, 1 ], "texture": "#1" },
				"south": { "uv": [ 0, 0, 1, 1 ], "texture": "#1" },
				"west": { "uv": [ 0, 0, 1, 1 ], "texture": "#1" },
				"east": { "uv": [ 0, 0, 1, 1 ], "texture": "#1" }
			}
		},
		{
			"__comment": "Element",
			"from": [ 7, -2, 0 ],
			"to": [ 8, -1, 1 ],
			"faces": {
				"down": { "uv": [ 0, 0, 1, 1 ], "texture": "#1" },
				"up": { "uv": [ 0, 0, 1, 1 ], "texture": "#1" },
				"north": { "uv": [ 0, 0, 1, 1 ], "texture": "#1" },
				"south": { "uv": [ 0, 0, 1, 1 ], "texture": "#1" },
				"west": { "uv": [ 0, 0, 1, 1 ], "texture": "#1" },
				"east": { "uv": [ 0, 0, 1, 1 ], "texture": "#1" }
			}
		},
		{
			"__comment": "Element",
			"from": [ 7, -2, 14 ],
			"to": [ 8, -1, 15 ],
			"faces": {
				"down": { "uv": [ 0, 0, 1, 1 ], "texture": "#1" },
				"up": { "uv": [ 0, 0, 1, 1 ], "texture": "#1" },
				"north": { "uv": [ 0, 0, 1, 1 ], "texture": "#1" },
				"south": { "uv": [ 0, 0, 1, 1 ], "texture": "#1" },
				"west": { "uv": [ 0, 0, 1, 1 ], "texture": "#1" },
				"east": { "uv": [ 0, 0, 1, 1 ], "texture": "#1" }
			}
		},
		{
			"__comment": "Element",
			"from": [ 7, 1, 17 ],
			"to": [ 8, 2, 18 ],
			"faces": {
				"down": { "uv": [ 6.999543, 6.999543, 8.998433, 8.998434 ], "texture": "#0" },
				"up": { "uv": [ 6.999543, 6.999543, 8.998433, 8.998434 ], "texture": "#0" },
				"north": { "uv": [ 6.999543, 6.999543, 8.998433, 8.998434 ], "texture": "#0" },
				"south": { "uv": [ 6.999543, 6.999543, 8.998433, 8.998434 ], "texture": "#0" },
				"west": { "uv": [ 6.999543, 6.999543, 8.998433, 8.998434 ], "texture": "#0" },
				"east": { "uv": [ 6.999543, 6.999543, 8.998433, 8.998434 ], "texture": "#0" }
			}
		},
		{
			"__comment": "Element",
			"from": [ 7, 1, -3 ],
			"to": [ 8, 2, -2 ],
			"faces": {
				"down": { "uv": [ 6.999543, 6.999543, 8.998433, 8.998434 ], "texture": "#0" },
				"up": { "uv": [ 6.999543, 6.999543, 8.998433, 8.998434 ], "texture": "#0" },
				"north": { "uv": [ 6.999543, 6.999543, 8.998433, 8.998434 ], "texture": "#0" },
				"south": { "uv": [ 6.999543, 6.999543, 8.998433, 8.998434 ], "texture": "#0" },
				"west": { "uv": [ 6.999543, 6.999543, 8.998433, 8.998434 ], "texture": "#0" },
				"east": { "uv": [ 6.999543, 6.999543, 8.998433, 8.998434 ], "texture": "#0" }
			}
		},
		{
			"__comment": "Element",
			"from": [ 7, 3, 5 ],
			"to": [ 8, 12, 10 ],
			"faces": {
				"down": { "uv": [ 0, 0, 2, 2 ], "texture": "#2" },
				"up": { "uv": [ 0, 0, 2, 2 ], "texture": "#2" },
				"north": { "uv": [ 0, 0, 2, 2 ], "texture": "#2" },
				"south": { "uv": [ 0, 0, 2, 2 ], "texture": "#2" },
				"west": { "uv": [ 0, 0, 2, 2 ], "texture": "#2" },
				"east": { "uv": [ 0, 0, 2, 2 ], "texture": "#2" }
			}
		},
		{
			"__comment": "Element",
			"from": [ 7, 31, 7 ],
			"to": [ 8, 32, 8 ],
			"faces": {
				"down": { "uv": [ 0, 0, 0.9983029, 0.9983025 ], "texture": "#2" },
				"up": { "uv": [ 0, 0, 0.9983029, 0.9983025 ], "texture": "#2" },
				"north": { "uv": [ 0, 0, 0.9983029, 0.9983025 ], "texture": "#2" },
				"south": { "uv": [ 0, 0, 0.9983029, 0.9983025 ], "texture": "#2" },
				"west": { "uv": [ 0, 0, 0.9983029, 0.9983025 ], "texture": "#2" },
				"east": { "uv": [ 0, 0, 0.9983029, 0.9983025 ], "texture": "#2" }
			}
		},
		{
			"__comment": "Element",
			"from": [ 6.5, 2.5, 6.5 ],
			"to": [ 8.5, 15.5, 8.5 ],
			"faces": {
				"down": { "uv": [ 6.999543, 6.999543, 8.998433, 8.998434 ], "texture": "#0" },
				"up": { "uv": [ 6.999543, 6.999543, 8.998433, 8.998434 ], "texture": "#0" },
				"north": { "uv": [ 6.999543, 6.999543, 8.998433, 8.998434 ], "texture": "#0" },
				"south": { "uv": [ 6.999543, 6.999543, 8.998433, 8.998434 ], "texture": "#0" },
				"west": { "uv": [ 6.999543, 6.999543, 8.998433, 8.998434 ], "texture": "#0" },
				"east": { "uv": [ 6.999543, 6.999543, 8.998433, 8.998434 ], "texture": "#0" }
			}
		},
		{
			"__comment": "Element",
			"from": [ 7, 12, 6 ],
			"to": [ 8, 31, 9 ],
			"faces": {
				"down": { "uv": [ 0, 0, 2, 2 ], "texture": "#2" },
				"up": { "uv": [ 0, 0, 2, 2 ], "texture": "#2" },
				"north": { "uv": [ 0, 0, 2, 2 ], "texture": "#2" },
				"south": { "uv": [ 0, 0, 2, 2 ], "texture": "#2" },
				"west": { "uv": [ 0, 0, 2, 2 ], "texture": "#2" },
				"east": { "uv": [ 0, 0, 2, 2 ], "texture": "#2" }
			}
		},
		{
			"__comment": "Element",
			"from": [ 7, 30.5, 8 ],
			"to": [ 8, 31.5, 9 ],
			"faces": {
				"down": { "uv": [ 0, 0, 0.9983029, 0.9983025 ], "texture": "#2" },
				"up": { "uv": [ 0, 0, 0.9983029, 0.9983025 ], "texture": "#2" },
				"north": { "uv": [ 0, 0, 0.9983029, 0.9983025 ], "texture": "#2" },
				"south": { "uv": [ 0, 0, 0.9983029, 0.9983025 ], "texture": "#2" },
				"west": { "uv": [ 0, 0, 0.9983029, 0.9983025 ], "texture": "#2" },
				"east": { "uv": [ 0, 0, 0.9983029, 0.9983025 ], "texture": "#2" }
			}
		},
		{
			"__comment": "Element",
			"from": [ 7, 30.5, 6 ],
			"to": [ 8, 31.5, 7 ],
			"faces": {
				"down": { "uv": [ 0, 0, 0.9983029, 0.9983025 ], "texture": "#2" },
				"up": { "uv": [ 0, 0, 0.9983029, 0.9983025 ], "texture": "#2" },
				"north": { "uv": [ 0, 0, 0.9983029, 0.9983025 ], "texture": "#2" },
				"south": { "uv": [ 0, 0, 0.9983029, 0.9983025 ], "texture": "#2" },
				"west": { "uv": [ 0, 0, 0.9983029, 0.9983025 ], "texture": "#2" },
				"east": { "uv": [ 0, 0, 0.9983029, 0.9983025 ], "texture": "#2" }
			}
		}
	],
	"display": {
		"thirdperson_righthand": {
			"translation":  [ -0.5, 8.3043, 1.3913 ],
			"scale":  [ 0.6, 0.6, 0.6 ]
		},
		"thirdperson_lefthand": {
			"translation":  [ 0, 9, 0 ],
			"scale":  [ 0.4, 0.75, 0.45 ]
		},
		"firstperson_righthand": {
			"rotation":  [ -5, 0, 0 ],
			"translation":  [ 5.5, 5.913, -6.956 ],
			"scale":  [ 0.4, 0.65, 0.45 ]
		},
		"firstperson_lefthand": {
			"rotation":  [ -5, 0, 0 ],
			"translation":  [ 4.5, 8, -6 ],
			"scale":  [ 0.4, 0.65, 0.45 ]
		},
		"gui": {
			"rotation":  [ -102, 136, 105 ],
			"scale":  [ 0.3793, 0.4499, 0.3478 ]
		},
		"ground": {
			"rotation":  [ 70, 0, 0 ],
			"scale":  [ 0.45, 0.45, 0.45 ]
		},
		"fixed": {
			"rotation":  [ 0, 89, 0 ]
		}
	}
}