{
	"__comment": "Designed by 0944831340 with Cubik Studio - https://cubik.studio",
	"textures": {
		"0": "blocks/coal_ore",
		"1": "blocks/log_oak",
		"particle": "blocks/coal_ore"
	},
	"elements": [ 	 
		{
			"__comment": "Element",
			"from": [ 7, -16, 6 ],
			"to": [ 10, -14, 11 ],
			"faces": {
				"down": { "uv": [ 6.998401, 2.998336, 7.997846, 3.997781 ], "texture": "#0" },
				"up": { "uv": [ 6.998401, 2.998336, 7.997846, 3.997781 ], "texture": "#0" },
				"north": { "uv": [ 6.998401, 2.998336, 7.997846, 3.997781 ], "texture": "#0" },
				"south": { "uv": [ 6.998401, 2.998336, 7.997846, 3.997781 ], "texture": "#0" },
				"west": { "uv": [ 6.998401, 2.998336, 7.997846, 3.997781 ], "texture": "#0" },
				"east": { "uv": [ 6.998401, 2.998336, 7.997846, 3.997781 ], "texture": "#0" }
			}
		},
		{
			"__comment": "Element",
			"from": [ 8, -14, 7 ],
			"to": [ 9, -4, 10 ],
			"faces": {
				"down": { "uv": [ 0, 0, 0.9983029, 2.998336 ], "texture": "#0" },
				"up": { "uv": [ 0, 0, 0.9983029, 2.998336 ], "texture": "#0" },
				"north": { "uv": [ 0, 0, 0.9983029, 2.998336 ], "texture": "#0" },
				"south": { "uv": [ 0, 0, 0.9983029, 2.998336 ], "texture": "#0" },
				"west": { "uv": [ 0, 0, 0.9983029, 2.998336 ], "texture": "#0" },
				"east": { "uv": [ 0, 0, 0.9983029, 2.998336 ], "texture": "#0" }
			}
		},
		{
			"__comment": "Element",
			"from": [ 7.5, -13.5, 7.5 ],
			"to": [ 8.5, -4.5, 9.5 ],
			"faces": {
				"down": { "uv": [ 0, 4.999511, 0.9983031, 8.998434 ], "texture": "#1" },
				"up": { "uv": [ 0, 4.999511, 0.9983031, 8.998434 ], "texture": "#1" },
				"north": { "uv": [ 0, 4.999511, 0.9983031, 8.998434 ], "texture": "#1" },
				"south": { "uv": [ 0, 4.999511, 0.9983031, 8.998434 ], "texture": "#1" },
				"west": { "uv": [ 0, 4.999511, 0.9983031, 8.998434 ], "texture": "#1" },
				"east": { "uv": [ 0, 4.999511, 0.9983031, 8.998434 ], "texture": "#1" }
			}
		},
		{
			"__comment": "Element",
			"from": [ 8.5, -13.5, 7.5 ],
			"to": [ 9.5, -4.5, 9.5 ],
			"faces": {
				"down": { "uv": [ 12.99964, 1.99889, 13.99794, 7.997847 ], "texture": "#1" },
				"up": { "uv": [ 12.99964, 1.99889, 13.99794, 7.997847 ], "texture": "#1" },
				"north": { "uv": [ 12.99964, 1.99889, 13.99794, 7.997847 ], "texture": "#1" },
				"south": { "uv": [ 12.99964, 1.99889, 13.99794, 7.997847 ], "texture": "#1" },
				"west": { "uv": [ 12.99964, 1.99889, 13.99794, 7.997847 ], "texture": "#1" },
				"east": { "uv": [ 12.99964, 1.99889, 13.99794, 7.997847 ], "texture": "#1" }
			}
		},
		{
			"__comment": "Element",
			"from": [ 7, -4, 6 ],
			"to": [ 10, -2, 11 ],
			"faces": {
				"down": { "uv": [ 6.998401, 2.998336, 7.997846, 3.997781 ], "texture": "#0" },
				"up": { "uv": [ 6.998401, 2.998336, 7.997846, 3.997781 ], "texture": "#0" },
				"north": { "uv": [ 6.998401, 2.998336, 7.997846, 3.997781 ], "texture": "#0" },
				"south": { "uv": [ 6.998401, 2.998336, 7.997846, 3.997781 ], "texture": "#0" },
				"west": { "uv": [ 6.998401, 2.998336, 7.997846, 3.997781 ], "texture": "#0" },
				"east": { "uv": [ 6.998401, 2.998336, 7.997846, 3.997781 ], "texture": "#0" }
			}
		},
		{
			"__comment": "Element",
			"from": [ 6.5, -16, 7 ],
			"to": [ 9.5, -14, 10 ],
			"faces": {
				"down": { "uv": [ 6.998401, 2.998336, 7.997846, 3.997781 ], "texture": "#0" },
				"up": { "uv": [ 6.998401, 2.998336, 7.997846, 3.997781 ], "texture": "#0" },
				"north": { "uv": [ 6.998401, 2.998336, 7.997846, 3.997781 ], "texture": "#0" },
				"south": { "uv": [ 6.998401, 2.998336, 7.997846, 3.997781 ], "texture": "#0" },
				"west": { "uv": [ 6.998401, 2.998336, 7.997846, 3.997781 ], "texture": "#0" },
				"east": { "uv": [ 6.998401, 2.998336, 7.997846, 3.997781 ], "texture": "#0" }
			}
		},
		{
			"__comment": "Element",
			"from": [ 7.5, -16, 7 ],
			"to": [ 10.5, -14, 10 ],
			"faces": {
				"down": { "uv": [ 6.998401, 2.998336, 7.997846, 3.997781 ], "texture": "#0" },
				"up": { "uv": [ 6.998401, 2.998336, 7.997846, 3.997781 ], "texture": "#0" },
				"north": { "uv": [ 6.998401, 2.998336, 7.997846, 3.997781 ], "texture": "#0" },
				"south": { "uv": [ 6.998401, 2.998336, 7.997846, 3.997781 ], "texture": "#0" },
				"west": { "uv": [ 6.998401, 2.998336, 7.997846, 3.997781 ], "texture": "#0" },
				"east": { "uv": [ 6.998401, 2.998336, 7.997846, 3.997781 ], "texture": "#0" }
			}
		},
		{
			"__comment": "Element",
			"from": [ 8, -3, 13 ],
			"to": [ 9, -1, 16 ],
			"faces": {
				"down": { "uv": [ 6.998401, 2.998336, 7.997846, 3.997781 ], "texture": "#0" },
				"up": { "uv": [ 6.998401, 2.998336, 7.997846, 3.997781 ], "texture": "#0" },
				"north": { "uv": [ 6.998401, 2.998336, 7.997846, 3.997781 ], "texture": "#0" },
				"south": { "uv": [ 6.998401, 2.998336, 7.997846, 3.997781 ], "texture": "#0" },
				"west": { "uv": [ 6.998401, 2.998336, 7.997846, 3.997781 ], "texture": "#0" },
				"east": { "uv": [ 6.998401, 2.998336, 7.997846, 3.997781 ], "texture": "#0" }
			}
		},
		{
			"__comment": "Element",
			"from": [ 8, -3, 1 ],
			"to": [ 9, -1, 4 ],
			"faces": {
				"down": { "uv": [ 6.998401, 2.998336, 7.997846, 3.997781 ], "texture": "#0" },
				"up": { "uv": [ 6.998401, 2.998336, 7.997846, 3.997781 ], "texture": "#0" },
				"north": { "uv": [ 6.998401, 2.998336, 7.997846, 3.997781 ], "texture": "#0" },
				"south": { "uv": [ 6.998401, 2.998336, 7.997846, 3.997781 ], "texture": "#0" },
				"west": { "uv": [ 6.998401, 2.998336, 7.997846, 3.997781 ], "texture": "#0" },
				"east": { "uv": [ 6.998401, 2.998336, 7.997846, 3.997781 ], "texture": "#0" }
			}
		},
		{
			"__comment": "Element",
			"from": [ 8, -2, -1 ],
			"to": [ 9, 0, 1 ],
			"faces": {
				"down": { "uv": [ 6.998401, 2.998336, 7.997846, 3.997781 ], "texture": "#0" },
				"up": { "uv": [ 6.998401, 2.998336, 7.997846, 3.997781 ], "texture": "#0" },
				"north": { "uv": [ 6.998401, 2.998336, 7.997846, 3.997781 ], "texture": "#0" },
				"south": { "uv": [ 6.998401, 2.998336, 7.997846, 3.997781 ], "texture": "#0" },
				"west": { "uv": [ 6.998401, 2.998336, 7.997846, 3.997781 ], "texture": "#0" },
				"east": { "uv": [ 6.998401, 2.998336, 7.997846, 3.997781 ], "texture": "#0" }
			}
		},
		{
			"__comment": "Element",
			"from": [ 8, -2, 16 ],
			"to": [ 9, 0, 18 ],
			"faces": {
				"down": { "uv": [ 6.998401, 2.998336, 7.997846, 3.997781 ], "texture": "#0" },
				"up": { "uv": [ 6.998401, 2.998336, 7.997846, 3.997781 ], "texture": "#0" },
				"north": { "uv": [ 6.998401, 2.998336, 7.997846, 3.997781 ], "texture": "#0" },
				"south": { "uv": [ 6.998401, 2.998336, 7.997846, 3.997781 ], "texture": "#0" },
				"west": { "uv": [ 6.998401, 2.998336, 7.997846, 3.997781 ], "texture": "#0" },
				"east": { "uv": [ 6.998401, 2.998336, 7.997846, 3.997781 ], "texture": "#0" }
			}
		},
		{
			"__comment": "Element",
			"from": [ 7.5, -4, 11 ],
			"to": [ 9.5, -2, 14 ],
			"faces": {
				"down": { "uv": [ 6.998401, 2.998336, 7.997846, 3.997781 ], "texture": "#0" },
				"up": { "uv": [ 6.998401, 2.998336, 7.997846, 3.997781 ], "texture": "#0" },
				"north": { "uv": [ 6.998401, 2.998336, 7.997846, 3.997781 ], "texture": "#0" },
				"south": { "uv": [ 6.998401, 2.998336, 7.997846, 3.997781 ], "texture": "#0" },
				"west": { "uv": [ 6.998401, 2.998336, 7.997846, 3.997781 ], "texture": "#0" },
				"east": { "uv": [ 6.998401, 2.998336, 7.997846, 3.997781 ], "texture": "#0" }
			}
		},
		{
			"__comment": "Element",
			"from": [ 7.5, -4, 3 ],
			"to": [ 9.5, -2, 6 ],
			"faces": {
				"down": { "uv": [ 6.998401, 2.998336, 7.997846, 3.997781 ], "texture": "#0" },
				"up": { "uv": [ 6.998401, 2.998336, 7.997846, 3.997781 ], "texture": "#0" },
				"north": { "uv": [ 6.998401, 2.998336, 7.997846, 3.997781 ], "texture": "#0" },
				"south": { "uv": [ 6.998401, 2.998336, 7.997846, 3.997781 ], "texture": "#0" },
				"west": { "uv": [ 6.998401, 2.998336, 7.997846, 3.997781 ], "texture": "#0" },
				"east": { "uv": [ 6.998401, 2.998336, 7.997846, 3.997781 ], "texture": "#0" }
			}
		},
		{
			"__comment": "Element",
			"from": [ 8, -2, 7 ],
			"to": [ 9, 0, 10 ],
			"faces": {
				"down": { "uv": [ 0, 0, 0.9983029, 2.998336 ], "texture": "#0" },
				"up": { "uv": [ 0, 0, 0.9983029, 2.998336 ], "texture": "#0" },
				"north": { "uv": [ 0, 0, 0.9983029, 2.998336 ], "texture": "#0" },
				"south": { "uv": [ 0, 0, 0.9983029, 2.998336 ], "texture": "#0" },
				"west": { "uv": [ 0, 0, 0.9983029, 2.998336 ], "texture": "#0" },
				"east": { "uv": [ 0, 0, 0.9983029, 2.998336 ], "texture": "#0" }
			}
		},
		{
			"__comment": "Element",
			"from": [ 8, 0, 6 ],
			"to": [ 9, 9, 11 ],
			"faces": {
				"down": { "uv": [ 0, 0, 0.9983029, 2.998336 ], "texture": "#0" },
				"up": { "uv": [ 0, 0, 0.9983029, 2.998336 ], "texture": "#0" },
				"north": { "uv": [ 0, 0, 0.9983029, 2.998336 ], "texture": "#0" },
				"south": { "uv": [ 0, 0, 0.9983029, 2.998336 ], "texture": "#0" },
				"west": { "uv": [ 0, 0, 0.9983029, 2.998336 ], "texture": "#0" },
				"east": { "uv": [ 0, 0, 0.9983029, 2.998336 ], "texture": "#0" }
			}
		},
		{
			"__comment": "Element",
			"from": [ 8, 9, 7 ],
			"to": [ 9, 30, 10 ],
			"faces": {
				"down": { "uv": [ 0, 0, 0.9983029, 2.998336 ], "texture": "#0" },
				"up": { "uv": [ 0, 0, 0.9983029, 2.998336 ], "texture": "#0" },
				"north": { "uv": [ 0, 0, 0.9983029, 2.998336 ], "texture": "#0" },
				"south": { "uv": [ 0, 0, 0.9983029, 2.998336 ], "texture": "#0" },
				"west": { "uv": [ 0, 0, 0.9983029, 2.998336 ], "texture": "#0" },
				"east": { "uv": [ 0, 0, 0.9983029, 2.998336 ], "texture": "#0" }
			}
		},
		{
			"__comment": "Element",
			"from": [ 8, 30, 8 ],
			"to": [ 9, 32, 9 ],
			"faces": {
				"down": { "uv": [ 0, 0, 0.9983029, 2.998336 ], "texture": "#0" },
				"up": { "uv": [ 0, 0, 0.9983029, 2.998336 ], "texture": "#0" },
				"north": { "uv": [ 0, 0, 0.9983029, 2.998336 ], "texture": "#0" },
				"south": { "uv": [ 0, 0, 0.9983029, 2.998336 ], "texture": "#0" },
				"west": { "uv": [ 0, 0, 0.9983029, 2.998336 ], "texture": "#0" },
				"east": { "uv": [ 0, 0, 0.9983029, 2.998336 ], "texture": "#0" }
			}
		},
		{
			"__comment": "Element",
			"from": [ 7.5, -2, 8 ],
			"to": [ 9.5, 1, 9 ],
			"faces": {
				"down": { "uv": [ 6.998401, 2.998336, 7.997846, 3.997781 ], "texture": "#0" },
				"up": { "uv": [ 6.998401, 2.998336, 7.997846, 3.997781 ], "texture": "#0" },
				"north": { "uv": [ 6.998401, 2.998336, 7.997846, 3.997781 ], "texture": "#0" },
				"south": { "uv": [ 6.998401, 2.998336, 7.997846, 3.997781 ], "texture": "#0" },
				"west": { "uv": [ 6.998401, 2.998336, 7.997846, 3.997781 ], "texture": "#0" },
				"east": { "uv": [ 6.998401, 2.998336, 7.997846, 3.997781 ], "texture": "#0" }
			}
		},
		{
			"__comment": "Element",
			"from": [ 7.5, 6, 7 ],
			"to": [ 9.5, 7, 10 ],
			"faces": {
				"down": { "uv": [ 4.99951, 0.999445, 7.998988, 1.99889 ], "texture": "#0" },
				"up": { "uv": [ 4.99951, 0.999445, 7.998988, 1.99889 ], "texture": "#0" },
				"north": { "uv": [ 4.99951, 0.999445, 7.998988, 1.99889 ], "texture": "#0" },
				"south": { "uv": [ 4.99951, 0.999445, 7.998988, 1.99889 ], "texture": "#0" },
				"west": { "uv": [ 4.99951, 0.999445, 7.998988, 1.99889 ], "texture": "#0" },
				"east": { "uv": [ 4.99951, 0.999445, 7.998988, 1.99889 ], "texture": "#0" }
			}
		},
		{
			"__comment": "Element",
			"from": [ 7.5, 2, 7 ],
			"to": [ 9.5, 3, 10 ],
			"faces": {
				"down": { "uv": [ 4.99951, 0.999445, 7.998988, 1.99889 ], "texture": "#0" },
				"up": { "uv": [ 4.99951, 0.999445, 7.998988, 1.99889 ], "texture": "#0" },
				"north": { "uv": [ 4.99951, 0.999445, 7.998988, 1.99889 ], "texture": "#0" },
				"south": { "uv": [ 4.99951, 0.999445, 7.998988, 1.99889 ], "texture": "#0" },
				"west": { "uv": [ 4.99951, 0.999445, 7.998988, 1.99889 ], "texture": "#0" },
				"east": { "uv": [ 4.99951, 0.999445, 7.998988, 1.99889 ], "texture": "#0" }
			}
		},
		{
			"__comment": "Element",
			"from": [ 7.5, 4, 7 ],
			"to": [ 9.5, 5, 10 ],
			"faces": {
				"down": { "uv": [ 4.99951, 0.999445, 7.998988, 1.99889 ], "texture": "#0" },
				"up": { "uv": [ 4.99951, 0.999445, 7.998988, 1.99889 ], "texture": "#0" },
				"north": { "uv": [ 4.99951, 0.999445, 7.998988, 1.99889 ], "texture": "#0" },
				"south": { "uv": [ 4.99951, 0.999445, 7.998988, 1.99889 ], "texture": "#0" },
				"west": { "uv": [ 4.99951, 0.999445, 7.998988, 1.99889 ], "texture": "#0" },
				"east": { "uv": [ 4.99951, 0.999445, 7.998988, 1.99889 ], "texture": "#0" }
			}
		}
	],
	"display": {
		"thirdperson_righthand": {
			"translation":  [ -0.5, 9, 0 ],
			"scale":  [ 0.4, 0.65, 0.45 ]
		},
		"thirdperson_lefthand": {
			"translation":  [ 0, 9, 0 ],
			"scale":  [ 0.4, 0.65, 0.45 ]
		},
		"firstperson_righthand": {
			"rotation":  [ -5, 0, 0 ],
			"translation":  [ 5.5, 8, -6 ],
			"scale":  [ 0.4, 0.65, 0.45 ]
		},
		"firstperson_lefthand": {
			"rotation":  [ -5, 0, 0 ],
			"translation":  [ 4.5, 8, -6 ],
			"scale":  [ 0.4, 0.65, 0.45 ]
		},
		"gui": {
			"rotation":  [ -96, 136, 123 ],
			"scale":  [ 0.275, 0.45, 0.25 ]
		},
		"ground": {
			"translation":  [ 0, 9.0434, 0 ],
			"scale":  [ 0.276, 0.4846, 0.3803 ]
		},
		"fixed": {
			"rotation":  [ 0, 89, 0 ]
		}
	}
}