{
	"__comment": "Designed by 0944831340 with Cubik Studio - https://cubik.studio",
	"ambientocclusion": false,
	"textures": {
		"stick2": "items/models/wand_2"
	},
	"elements": [ 	 
		{
			"__comment": "Element",
			"from": [ 7, 16, 7 ],
			"to": [ 9, 18, 9 ],
			"faces": {
				"north": { "uv": [ 2, 14, 4, 16 ], "texture": "#stick2" },
				"south": { "uv": [ 2, 14, 4, 16 ], "texture": "#stick2" },
				"west": { "uv": [ 2, 14, 4, 16 ], "texture": "#stick2" },
				"east": { "uv": [ 2, 14, 4, 16 ], "texture": "#stick2" }
			}
		},
		{
			"__comment": "Element",
			"from": [ 6, 18, 7 ],
			"to": [ 9, 22, 9 ],
			"faces": {
				"down": { "uv": [ 1, 12, 4, 14 ], "texture": "#stick2" },
				"up": { "uv": [ 1, 10, 4, 12 ], "texture": "#stick2" },
				"north": { "uv": [ 4, 10, 1, 14 ], "texture": "#stick2" },
				"south": { "uv": [ 1, 10, 4, 14 ], "texture": "#stick2" },
				"west": { "uv": [ 2, 10, 4, 14 ], "texture": "#stick2" },
				"east": { "uv": [ 1, 10, 3, 14 ], "texture": "#stick2" }
			}
		},
		{
			"__comment": "Element",
			"from": [ 6, 22, 7 ],
			"to": [ 8, 27, 9 ],
			"faces": {
				"up": { "uv": [ 1, 5, 3, 7 ], "texture": "#stick2" },
				"north": { "uv": [ 3, 5, 1, 10 ], "texture": "#stick2" },
				"south": { "uv": [ 1, 5, 3, 10 ], "texture": "#stick2" },
				"west": { "uv": [ 1, 5, 3, 10 ], "texture": "#stick2" },
				"east": { "uv": [ 1, 5, 3, 10 ], "texture": "#stick2" }
			}
		},
		{
			"__comment": "Element",
			"from": [ 7, 26, 7 ],
			"to": [ 9, 30, 9 ],
			"faces": {
				"down": { "uv": [ 1, 5, 3, 7 ], "texture": "#stick2" },
				"up": { "uv": [ 2, 2, 4, 4 ], "texture": "#stick2" },
				"north": { "uv": [ 4, 2, 2, 6 ], "texture": "#stick2" },
				"south": { "uv": [ 2, 2, 4, 6 ], "texture": "#stick2" },
				"west": { "uv": [ 2, 2, 4, 6 ], "texture": "#stick2" },
				"east": { "uv": [ 2, 2, 4, 6 ], "texture": "#stick2" }
			}
		},
		{
			"__comment": "Element",
			"from": [ 8, 29, 7 ],
			"to": [ 10, 31, 8 ],
			"faces": {
				"down": { "uv": [ 3, 2, 5, 3 ], "texture": "#stick2" },
				"up": { "uv": [ 3, 1, 5, 2 ], "texture": "#stick2" },
				"north": { "uv": [ 5, 1, 3, 3 ], "texture": "#stick2" },
				"south": { "uv": [ 3, 1, 5, 3 ], "texture": "#stick2" },
				"west": { "uv": [ 3, 1, 4, 3 ], "texture": "#stick2" },
				"east": { "uv": [ 4, 1, 5, 3 ], "texture": "#stick2" }
			}
		},
		{
			"__comment": "Element",
			"from": [ 9, 31, 7 ],
			"to": [ 10, 32, 8 ],
			"faces": {
				"up": { "uv": [ 4, 0, 5, 1 ], "texture": "#stick2" },
				"north": { "uv": [ 4, 0, 5, 1 ], "texture": "#stick2" },
				"south": { "uv": [ 4, 0, 5, 1 ], "texture": "#stick2" },
				"west": { "uv": [ 4, 0, 5, 1 ], "texture": "#stick2" },
				"east": { "uv": [ 4, 0, 5, 1 ], "texture": "#stick2" }
			}
		},
		{
			"__comment": "Element",
			"from": [ 9, 21, 7.5 ],
			"to": [ 10, 24, 8.5 ],
			"faces": {
				"down": { "uv": [ 4, 10, 5, 11 ], "texture": "#stick2" },
				"up": { "uv": [ 4, 8, 5, 9 ], "texture": "#stick2" },
				"north": { "uv": [ 4, 8, 5, 11 ], "texture": "#stick2" },
				"south": { "uv": [ 4, 8, 5, 11 ], "texture": "#stick2" },
				"west": { "uv": [ 4, 8, 5, 11 ], "texture": "#stick2" },
				"east": { "uv": [ 4, 8, 5, 11 ], "texture": "#stick2" }
			}
		},
		{
			"__comment": "Element",
			"from": [ 10, 23, 7.25 ],
			"to": [ 11, 25, 8.25 ],
			"faces": {
				"down": { "uv": [ 5, 8, 6, 9 ], "texture": "#stick2" },
				"up": { "uv": [ 5, 7, 6, 8 ], "texture": "#stick2" },
				"north": { "uv": [ 5, 7, 6, 9 ], "texture": "#stick2" },
				"south": { "uv": [ 5, 7, 6, 9 ], "texture": "#stick2" },
				"west": { "uv": [ 5, 7, 6, 9 ], "texture": "#stick2" },
				"east": { "uv": [ 5, 7, 6, 9 ], "texture": "#stick2" }
			}
		},
		{
			"__comment": "Element",
			"from": [ 5, 24, 7.5 ],
			"to": [ 6, 29, 8.5 ],
			"faces": {
				"down": { "uv": [ 0, 7, 1, 8 ], "texture": "#stick2" },
				"up": { "uv": [ 0, 3, 1, 4 ], "texture": "#stick2" },
				"north": { "uv": [ 0, 3, 1, 8 ], "texture": "#stick2" },
				"south": { "uv": [ 0, 3, 1, 8 ], "texture": "#stick2" },
				"west": { "uv": [ 0, 3, 1, 8 ], "texture": "#stick2" },
				"east": { "uv": [ 0, 3, 1, 8 ], "texture": "#stick2" }
			}
		},
		{
			"__comment": "Element",
			"from": [ 10.5, 24.5, 7.75 ],
			"to": [ 13.5, 28.5, 7.77 ],
			"rotation": { "origin": [ 10.5, 24.5, 7.75 ], "axis": "y", "angle": 45 },
			"shade": false,
			"faces": {
				"north": { "uv": [ 8, 3, 5, 7 ], "texture": "#stick2" },
				"south": { "uv": [ 5, 3, 8, 7 ], "texture": "#stick2" }
			}
		},
		{
			"__comment": "Element",
			"from": [ 7, -9, 7 ],
			"to": [ 9, 0, 9 ],
			"faces": {
				"down": { "uv": [ 12, 7, 14, 9 ], "texture": "#stick2" },
				"north": { "uv": [ 12, 0, 14, 9 ], "texture": "#stick2" },
				"south": { "uv": [ 12, 0, 14, 9 ], "texture": "#stick2" },
				"west": { "uv": [ 12, 0, 14, 9 ], "texture": "#stick2" },
				"east": { "uv": [ 12, 0, 14, 9 ], "texture": "#stick2" }
			}
		},
		{
			"__comment": "Element",
			"from": [ 8, -12, 7.5 ],
			"to": [ 10, -8, 9.5 ],
			"faces": {
				"down": { "uv": [ 14, 11, 16, 13 ], "texture": "#stick2" },
				"up": { "uv": [ 13, 8, 15, 10 ], "texture": "#stick2" },
				"north": { "uv": [ 15, 8, 13, 12 ], "texture": "#stick2" },
				"south": { "uv": [ 13, 8, 15, 12 ], "texture": "#stick2" },
				"west": { "uv": [ 13, 8, 15, 12 ], "texture": "#stick2" },
				"east": { "uv": [ 13, 8, 15, 12 ], "texture": "#stick2" }
			}
		},
		{
			"__comment": "Element",
			"from": [ 9, -15, 8 ],
			"to": [ 11, -11, 10 ],
			"faces": {
				"down": { "uv": [ 14, 12, 16, 14 ], "texture": "#stick2" },
				"up": { "uv": [ 14, 11, 16, 13 ], "texture": "#stick2" },
				"north": { "uv": [ 16, 11, 14, 15 ], "texture": "#stick2" },
				"south": { "uv": [ 14, 11, 16, 15 ], "texture": "#stick2" },
				"west": { "uv": [ 14, 11, 16, 15 ], "texture": "#stick2" },
				"east": { "uv": [ 14, 11, 16, 15 ], "texture": "#stick2" }
			}
		},
		{
			"__comment": "Element",
			"from": [ 8, -16, 9 ],
			"to": [ 10, -15, 10 ],
			"faces": {
				"down": { "uv": [ 13, 15, 15, 16 ], "texture": "#stick2" },
				"up": { "uv": [ 13, 15, 15, 16 ], "texture": "#stick2" },
				"north": { "uv": [ 15, 15, 13, 16 ], "texture": "#stick2" },
				"south": { "uv": [ 13, 15, 15, 16 ], "texture": "#stick2" },
				"east": { "uv": [ 14, 15, 15, 16 ], "texture": "#stick2" }
			}
		},
		{
			"__comment": "Element",
			"from": [ 7, -16, 9 ],
			"to": [ 8, -14, 10 ],
			"faces": {
				"down": { "uv": [ 12, 15, 13, 16 ], "texture": "#stick2" },
				"up": { "uv": [ 12, 14, 13, 15 ], "texture": "#stick2" },
				"north": { "uv": [ 13, 14, 12, 16 ], "texture": "#stick2" },
				"south": { "uv": [ 12, 14, 13, 16 ], "texture": "#stick2" },
				"west": { "uv": [ 12, 14, 13, 16 ], "texture": "#stick2" },
				"east": { "uv": [ 12, 14, 13, 16 ], "texture": "#stick2" }
			}
		},
		{
			"__comment": "Element",
			"from": [ 7, 0, 7 ],
			"to": [ 9, 16, 9 ],
			"faces": {
				"north": { "uv": [ 8, 16, 10, 0 ], "texture": "#stick2" },
				"south": { "uv": [ 8, 16, 10, 0 ], "texture": "#stick2" },
				"west": { "uv": [ 8, 16, 10, 0 ], "texture": "#stick2" },
				"east": { "uv": [ 8, 16, 10, 0 ], "texture": "#stick2" }
			}
		}
	],
	"display": {
		"thirdperson_righthand": {
			"translation":  [ 0, 0.6956, 0 ]
		},
		"firstperson_righthand": {
			"rotation":  [ -8, -36, 0 ],
			"translation":  [ 2.8841, 2.7826, -2.086 ],
			"scale":  [ 0.5, 0.6, 0.5 ]
		},
		"gui": {
			"rotation":  [ 0, 0, -45 ],
			"translation":  [ 0, 0, 4.1739 ],
			"scale":  [ 0.6, 0.6, 0.6 ]
		}
	}
}