{"__comment":"Designed by Hypixel minecraft server with BDcraft Cubik PRO 0.87 Beta - http://bdcraft.net","textures":{"texture":"items/models/wand_3"},"elements":[{"from":[7,-3,5.5],"to":[9,10,6.5],"faces":{"north":{"uv":[2,0,0,11.5],"texture":"#texture","cullface":"down"},"south":{"uv":[0,0,2,11.5],"texture":"#texture","cullface":"down"},"west":{"uv":[0,0,0.5,11.5],"texture":"#texture","cullface":"down"},"east":{"uv":[1.5,0,2,11.5],"texture":"#texture","cullface":"down"}}},{"from":[7,10,5.5],"to":[9.5,11.5,6.5],"faces":{"down":{"uv":[6,14,3.5,13],"texture":"#texture"},"up":{"uv":[3.5,13,6,14],"texture":"#texture"},"north":{"uv":[6,12.5,3.5,14],"texture":"#texture"},"south":{"uv":[3.5,12.5,6,14],"texture":"#texture"},"west":{"uv":[13,11.5,14,13],"texture":"#texture"},"east":{"uv":[13,12,14,13.5],"texture":"#texture"}}},{"from":[7.5,11.5,5.5],"to":[9.5,15,6.5],"faces":{"up":{"uv":[4,13,6,14],"texture":"#texture"},"north":{"uv":[6,9,4,13],"texture":"#texture"},"south":{"uv":[4,9,6,13],"texture":"#texture"},"west":{"uv":[11.5,0.5,12,4.5],"texture":"#texture"},"east":{"uv":[11.5,0.5,12,4.5],"texture":"#texture"}}},{"from":[9.5,15,5.5],"to":[10,17,6.5],"faces":{"north":{"uv":[5.5,12,6,13.5],"texture":"#texture","cullface":"up"},"south":{"uv":[5.5,12,6,13.5],"texture":"#texture","cullface":"up"},"west":{"uv":[13,11.5,14,13],"texture":"#texture","cullface":"up"},"east":{"uv":[13,11.5,14,13],"texture":"#texture","cullface":"up"}}},{"from":[7,-4.5,5.5],"to":[9.5,-3,6.5],"faces":{"down":{"uv":[2.5,12.5,0,11.5],"texture":"#texture","cullface":"down"},"up":{"uv":[0,12.5,2.5,13.5],"texture":"#texture","cullface":"down"},"north":{"uv":[0,11.5,2.5,13],"texture":"#texture","cullface":"down"},"south":{"uv":[0,11.5,2.5,13],"texture":"#texture","cullface":"down"},"west":{"uv":[13,11.5,14,13],"texture":"#texture","cullface":"down"},"east":{"uv":[13,11.5,14,13],"texture":"#texture","cullface":"down"}}},{"from":[7.5,-6.5,5.5],"to":[10,-4.5,6.5],"faces":{"down":{"uv":[2.5,12.5,0,11.5],"texture":"#texture","cullface":"down"},"up":{"uv":[2.5,12.5,0,11.5],"texture":"#texture","cullface":"down"},"north":{"uv":[3,13,0.5,15],"texture":"#texture","cullface":"down"},"south":{"uv":[0.5,13,3,15],"texture":"#texture","cullface":"down"},"west":{"uv":[13,11.5,14,13.5],"texture":"#texture","cullface":"down"},"east":{"uv":[13,11.5,14,13.5],"texture":"#texture","cullface":"down"}}},{"from":[8,-8.5,5.5],"to":[11,-6.5,6.5],"faces":{"down":{"uv":[5.5,5,2.5,4],"texture":"#texture","cullface":"down"},"up":{"uv":[5.5,5,2.5,4],"texture":"#texture","cullface":"down"},"north":{"uv":[14.5,2.5,11.5,4.5],"texture":"#texture","cullface":"down"},"south":{"uv":[11.5,2.5,14.5,4.5],"texture":"#texture","cullface":"down"},"west":{"uv":[13,11.5,14,13.5],"texture":"#texture","cullface":"down"},"east":{"uv":[13,11.5,14,13.5],"texture":"#texture","cullface":"down"}}},{"from":[8.5,-9.5,5.5],"to":[10,-8.5,6.5],"faces":{"down":{"uv":[3,5.5,4.5,6.5],"texture":"#texture","cullface":"down"},"north":{"uv":[13.5,4.5,12,5.5],"texture":"#texture","cullface":"down"},"south":{"uv":[12,4.5,13.5,5.5],"texture":"#texture","cullface":"down"},"west":{"uv":[13,12,14,13],"texture":"#texture","cullface":"down"},"east":{"uv":[13,12,14,13],"texture":"#texture","cullface":"down"}}},{"from":[10,-6.5,5.5],"to":[10.5,-5.5,6.5],"faces":{"up":{"uv":[0.5,14,1,15],"texture":"#texture","cullface":"down"},"north":{"uv":[3,14,3.5,15],"texture":"#texture","cullface":"down"},"south":{"uv":[3,14,3.5,15],"texture":"#texture","cullface":"down"},"east":{"uv":[13,12,14,13],"texture":"#texture","cullface":"down"}}},{"from":[11,-8.5,5.5],"to":[11.5,-7.5,6.5],"faces":{"down":{"uv":[14.5,3.5,14,2.5],"texture":"#texture","cullface":"down"},"up":{"uv":[14,2,14.5,3],"texture":"#texture","cullface":"down"},"north":{"uv":[14.5,3.5,15,4.5],"texture":"#texture","cullface":"down"},"south":{"uv":[14.5,3.5,15,4.5],"texture":"#texture","cullface":"down"},"east":{"uv":[12,5,13,5.5],"texture":"#texture","cullface":"down"}}},{"from":[10,-9,5.5],"to":[11,-8.5,6.5],"faces":{"down":{"uv":[14,13,13,12],"texture":"#texture","cullface":"down"},"north":{"uv":[13.5,4.5,14.5,5],"texture":"#texture","cullface":"down"},"south":{"uv":[13.5,4.5,14.5,5],"texture":"#texture","cullface":"down"},"east":{"uv":[13,12.5,14,13],"texture":"#texture","cullface":"down"}}},{"from":[8.5,-6.5,5],"to":[9.5,-4.5,7],"faces":{"down":{"uv":[0.5,11,1.5,13],"texture":"#texture","cullface":"down"},"up":{"uv":[0.5,9.5,1.5,11.5],"texture":"#texture","cullface":"down"},"north":{"uv":[2.5,13,1.5,15],"texture":"#texture","cullface":"down"},"south":{"uv":[1.5,13,2.5,15],"texture":"#texture","cullface":"down"},"west":{"uv":[12,3,14,5],"texture":"#texture","cullface":"down"},"east":{"uv":[12,3,14,5],"texture":"#texture","cullface":"down"}}},{"from":[7.5,10,5],"to":[9,11.5,7],"faces":{"down":{"uv":[4,12,5.5,14],"texture":"#texture"},"up":{"uv":[4,12,5.5,14],"texture":"#texture"},"north":{"uv":[4,12.5,5.5,14],"texture":"#texture"},"south":{"uv":[4,12.5,5.5,14],"texture":"#texture"},"west":{"uv":[3.5,13,5.5,13.5],"texture":"#texture"},"east":{"uv":[3.5,13,5.5,13.5],"texture":"#texture"}}},{"from":[7,14,5],"to":[7.5,15,7],"faces":{"down":{"uv":[5,6,5.5,8],"texture":"#texture"},"up":{"uv":[5,6,5.5,8],"texture":"#texture"},"north":{"uv":[3.5,9,4,10],"texture":"#texture"},"south":{"uv":[3.5,9,4,10],"texture":"#texture"},"west":{"uv":[3.5,6.5,5.5,7.5],"texture":"#texture"}}},{"from":[9,14,5],"to":[10,15,7],"faces":{"down":{"uv":[5.5,8.5,4.5,6.5],"texture":"#texture"},"up":{"uv":[4.5,7,5.5,9],"texture":"#texture"},"north":{"uv":[5.5,9,6.5,10],"texture":"#texture"},"south":{"uv":[5.5,9,6.5,10],"texture":"#texture"},"west":{"uv":[3.5,6.5,5.5,7.5],"texture":"#texture"},"east":{"uv":[3.5,6.5,5.5,7.5],"texture":"#texture"}}},{"from":[8,14.5,5],"to":[8.5,16.5,7],"faces":{"down":{"uv":[5.5,8.5,4.5,6.5],"texture":"#texture","cullface":"up"},"north":{"uv":[5,7.5,4.5,9.5],"texture":"#texture","cullface":"up"},"south":{"uv":[5,7.5,4.5,9.5],"texture":"#texture","cullface":"up"},"west":{"uv":[0,4.5,2,6],"texture":"#texture","cullface":"up"},"east":{"uv":[0,4.5,2,6],"texture":"#texture","cullface":"up"}}},{"from":[8.5,15,5],"to":[9,16.5,7],"faces":{"down":{"uv":[5.5,9,5,7],"texture":"#texture","cullface":"up"},"north":{"uv":[5.5,7.5,5,9],"texture":"#texture","cullface":"up"},"south":{"uv":[5,7.5,5.5,9],"texture":"#texture","cullface":"up"},"east":{"uv":[4,6.5,6,10],"texture":"#texture","cullface":"up"}}},{"from":[7.5,14,5],"to":[8,15.5,7],"faces":{"down":{"uv":[5.5,8.5,5,6.5],"texture":"#texture"},"up":{"uv":[5,8.5,4.5,6.5],"texture":"#texture"},"north":{"uv":[4,8.5,4.5,10],"texture":"#texture"},"south":{"uv":[4,8.5,4.5,10],"texture":"#texture"},"west":{"uv":[0,4.5,2,6],"texture":"#texture"},"east":{"uv":[0,4.5,2,6],"texture":"#texture"}}},{"from":[9,15,5],"to":[9.5,16,7],"faces":{"up":{"uv":[5.5,8.5,5,6.5],"texture":"#texture","cullface":"up"},"north":{"uv":[6,8,5.5,9],"texture":"#texture"},"south":{"uv":[5.5,8,6,9],"texture":"#texture"},"east":{"uv":[0,4.5,2,5.5],"texture":"#texture"}}},{"from":[9.5,13.5,5.5],"to":[10,14,6.5],"faces":{"down":{"uv":[13.5,12,14,13],"texture":"#texture"},"north":{"uv":[13,12,13.5,12.5],"texture":"#texture"},"south":{"uv":[13,12,13.5,12.5],"texture":"#texture"},"east":{"uv":[13,12,14,12.5],"texture":"#texture"}}},{"from":[9,16,5.5],"to":[9.5,16.5,6.5],"faces":{"north":{"uv":[13,11.5,13.5,13],"texture":"#texture","cullface":"up"},"south":{"uv":[13,11.5,13.5,13],"texture":"#texture","cullface":"up"}}},{"from":[7.5,15.5,5.5],"to":[8,16.5,6.5],"faces":{"north":{"uv":[13,11.5,13.5,12.5],"texture":"#texture","cullface":"up"},"south":{"uv":[13,11.5,13.5,12.5],"texture":"#texture","cullface":"up"},"west":{"uv":[13,12,14,13],"texture":"#texture","cullface":"up"}}},{"from":[8.5,-6.5,5],"to":[9.5,-4.5,7],"faces":{"down":{"uv":[0.5,11,1.5,13],"texture":"#texture","cullface":"down"},"up":{"uv":[0.5,9.5,1.5,11.5],"texture":"#texture","cullface":"down"},"north":{"uv":[2.5,13,1.5,15],"texture":"#texture","cullface":"down"},"south":{"uv":[1.5,13,2.5,15],"texture":"#texture","cullface":"down"},"west":{"uv":[12,3,14,5],"texture":"#texture","cullface":"down"},"east":{"uv":[12,3,14,5],"texture":"#texture","cullface":"down"}}},{"from":[9,-8.5,5],"to":[10,-6.5,7],"faces":{"down":{"uv":[0.5,11,1.5,13],"texture":"#texture","cullface":"down"},"up":{"uv":[0.5,9.5,1.5,11.5],"texture":"#texture","cullface":"down"},"north":{"uv":[13.5,2.5,12.5,4.5],"texture":"#texture","cullface":"down"},"south":{"uv":[12.5,2.5,13.5,4.5],"texture":"#texture","cullface":"down"},"west":{"uv":[12,3,14,5],"texture":"#texture","cullface":"down"},"east":{"uv":[12,3,14,5],"texture":"#texture","cullface":"down"}}},{"from":[6.5,16.5,5],"to":[9.5,17.5,7],"faces":{"down":{"uv":[8,10.5,10.5,12],"texture":"#texture","cullface":"up"},"up":{"uv":[7,10.5,9.5,12],"texture":"#texture","cullface":"up"},"north":{"uv":[11,11.5,8,12.5],"texture":"#texture","cullface":"up"},"south":{"uv":[3,6.5,6,7.5],"texture":"#texture","cullface":"up"},"west":{"uv":[0,4.5,2,5.5],"texture":"#texture","cullface":"up"},"east":{"uv":[0,5,2,6],"texture":"#texture","cullface":"up"}}},{"from":[7,16,5.5],"to":[7.5,16.5,6.5],"faces":{"down":{"uv":[13,11.5,13.5,12.5],"texture":"#texture","cullface":"up"},"north":{"uv":[13,11.5,13.5,12.5],"texture":"#texture","cullface":"up"},"south":{"uv":[13,11.5,13.5,12.5],"texture":"#texture","cullface":"up"},"west":{"uv":[13,12,14,13],"texture":"#texture","cullface":"up"}}},{"from":[9.5,17,5],"to":[10,18,7],"faces":{"down":{"uv":[10.5,10.5,11,12.5],"texture":"#texture","cullface":"up"},"up":{"uv":[10,10.5,10.5,12.5],"texture":"#texture","cullface":"up"},"north":{"uv":[6.5,6,6,7],"texture":"#texture","cullface":"up"},"south":{"uv":[6.5,6,6,7],"texture":"#texture","cullface":"up"},"west":{"uv":[0,4.5,2,5.5],"texture":"#texture","cullface":"up"},"east":{"uv":[8.5,10.5,10.5,11.5],"texture":"#texture","cullface":"up"}}},{"from":[8.5,17.5,5],"to":[9.5,18,7],"faces":{"up":{"uv":[8.5,10.5,9.5,12.5],"texture":"#texture","cullface":"up"},"north":{"uv":[6,7,5,7.5],"texture":"#texture","cullface":"up"},"south":{"uv":[6,7,5,7.5],"texture":"#texture","cullface":"up"},"west":{"uv":[8,11.5,10,12],"texture":"#texture","cullface":"up"}}},{"from":[6.5,21,5.5],"to":[8.5,23,6.5],"faces":{"up":{"uv":[8.5,14.5,10.5,15.5],"texture":"#texture","cullface":"up"},"north":{"uv":[5,1,3,3],"texture":"#texture","cullface":"up"},"south":{"uv":[3,1,5,3],"texture":"#texture","cullface":"up"},"west":{"uv":[5.5,0,6.5,2],"texture":"#texture","cullface":"up"}}},{"from":[6,19,5.5],"to":[6.5,22.5,6.5],"faces":{"down":{"uv":[8.5,14.5,9.5,15],"texture":"#texture","cullface":"up"},"up":{"uv":[12,8,13,8.5],"texture":"#texture","cullface":"up"},"north":{"uv":[3,1.5,2.5,5],"texture":"#texture","cullface":"up"},"south":{"uv":[2.5,1.5,3,5],"texture":"#texture","cullface":"up"},"west":{"uv":[14.5,10.5,15.5,14],"texture":"#texture","cullface":"up"},"east":{"uv":[14.5,10.5,15.5,14],"texture":"#texture","cullface":"up"}}},{"from":[8.5,20.5,5.5],"to":[9,24,6.5],"faces":{"up":{"uv":[5,0,6,0.5],"texture":"#texture","cullface":"up"},"north":{"uv":[5,0,5.5,3.5],"texture":"#texture","cullface":"up"},"south":{"uv":[5,0,5.5,3.5],"texture":"#texture","cullface":"up"},"west":{"uv":[3.5,1,4.5,5.5],"texture":"#texture","cullface":"up"}}},{"from":[9,20.5,5.5],"to":[11,24,6.5],"faces":{"down":{"uv":[14.5,8.5,12.5,7.5],"texture":"#texture","cullface":"up"},"up":{"uv":[8,14,10,15],"texture":"#texture","cullface":"up"},"north":{"uv":[7.5,0,5.5,3.5],"texture":"#texture","cullface":"up"},"south":{"uv":[5.5,0,7.5,3.5],"texture":"#texture","cullface":"up"},"east":{"uv":[4.5,0,5.5,4],"texture":"#texture","cullface":"up"}}},{"from":[10,19.5,5.5],"to":[11,20.5,6.5],"faces":{"down":{"uv":[12.5,8,13.5,8.5],"texture":"#texture","cullface":"up"},"north":{"uv":[7.5,3.5,6.5,4.5],"texture":"#texture","cullface":"up"},"south":{"uv":[6.5,3.5,7.5,4.5],"texture":"#texture","cullface":"up"},"west":{"uv":[12.5,7,13.5,8],"texture":"#texture","cullface":"up"}}},{"from":[11,19.5,5.5],"to":[11.5,23.5,6.5],"faces":{"up":{"uv":[10,15.5,9.5,14.5],"texture":"#texture","cullface":"up"},"north":{"uv":[7.5,0.5,8,4.5],"texture":"#texture","cullface":"up"},"south":{"uv":[7.5,0.5,8,4.5],"texture":"#texture","cullface":"up"},"west":{"uv":[5,0,6,3.5],"texture":"#texture","cullface":"up"},"east":{"uv":[5,0,6,3.5],"texture":"#texture","cullface":"up"}}},{"from":[11.5,19.5,5.5],"to":[12,23,6.5],"faces":{"up":{"uv":[8,14.5,8.5,15.5],"texture":"#texture","cullface":"up"},"north":{"uv":[8,1,8.5,4.5],"texture":"#texture","cullface":"up"},"south":{"uv":[8,1,8.5,4.5],"texture":"#texture","cullface":"up"},"east":{"uv":[4.5,0,5.5,4],"texture":"#texture","cullface":"up"}}},{"from":[7,23,5.5],"to":[8.5,23.5,6.5],"faces":{"up":{"uv":[9,14.5,10.5,15.5],"texture":"#texture","cullface":"up"},"north":{"uv":[4.5,0.5,3.5,1],"texture":"#texture","cullface":"up"},"south":{"uv":[3.5,0.5,4.5,1],"texture":"#texture","cullface":"up"},"west":{"uv":[8,14,9,14.5],"texture":"#texture","cullface":"up"}}},{"from":[8,23.5,5.5],"to":[8.5,24,6.5],"faces":{"up":{"uv":[7.5,14.5,8,15.5],"texture":"#texture","cullface":"up"},"north":{"uv":[5,0,4.5,0.5],"texture":"#texture","cullface":"up"},"south":{"uv":[5,0,4.5,0.5],"texture":"#texture","cullface":"up"},"west":{"uv":[8,14,9,14.5],"texture":"#texture","cullface":"up"}}},{"from":[12,19.5,5.5],"to":[12.5,22.5,6.5],"faces":{"up":{"uv":[8.5,4,8,3],"texture":"#texture","cullface":"up"},"north":{"uv":[8.5,1.5,9,4.5],"texture":"#texture","cullface":"up"},"south":{"uv":[8.5,1.5,9,4.5],"texture":"#texture","cullface":"up"},"east":{"uv":[0.5,9,1.5,12],"texture":"#texture","cullface":"up"}}},{"from":[12.5,19.5,5.5],"to":[13,21.5,6.5],"faces":{"down":{"uv":[13.5,8,14,9],"texture":"#texture","cullface":"up"},"up":{"uv":[13.5,8,14,9],"texture":"#texture","cullface":"up"},"north":{"uv":[9,2.5,9.5,4.5],"texture":"#texture","cullface":"up"},"south":{"uv":[9,2.5,9.5,4.5],"texture":"#texture","cullface":"up"},"east":{"uv":[12.5,7.5,13.5,9.5],"texture":"#texture","cullface":"up"}}},{"from":[9,18,5.5],"to":[9.5,18.5,6.5],"faces":{"up":{"uv":[14,8.5,13.5,7.5],"texture":"#texture","cullface":"up"},"north":{"uv":[14,7,13.5,7.5],"texture":"#texture","cullface":"up"},"south":{"uv":[14,7,13.5,7.5],"texture":"#texture","cullface":"up"},"east":{"uv":[13,7,14,7.5],"texture":"#texture","cullface":"up"}}},{"from":[8.5,18,5.5],"to":[9,20.5,6.5],"faces":{"north":{"uv":[5,3.5,5.5,6],"texture":"#texture","cullface":"up"},"south":{"uv":[5,3.5,5.5,6],"texture":"#texture","cullface":"up"},"east":{"uv":[12.5,7,13.5,9.5],"texture":"#texture","cullface":"up"}}},{"from":[10.5,19,5.5],"to":[12.5,19.5,6.5],"faces":{"down":{"uv":[12.5,8,14.5,9],"texture":"#texture","cullface":"up"},"up":{"uv":[12.5,8,14.5,9],"texture":"#texture","cullface":"up"},"north":{"uv":[9,4.5,7,5],"texture":"#texture","cullface":"up"},"south":{"uv":[9,4.5,7,5],"texture":"#texture","cullface":"up"},"west":{"uv":[13,7,14,7.5],"texture":"#texture","cullface":"up"},"east":{"uv":[13,7,14,7.5],"texture":"#texture","cullface":"up"}}},{"from":[6.5,17.5,5.5],"to":[8.5,21,6.5],"faces":{"north":{"uv":[5,2.5,3,6.5],"texture":"#texture","cullface":"up"},"south":{"uv":[3,2.5,5,6.5],"texture":"#texture","cullface":"up"},"west":{"uv":[14.5,10.5,15.5,14],"texture":"#texture","cullface":"up"},"east":{"uv":[14.5,10.5,15.5,14],"texture":"#texture","cullface":"up"}}}],"display":{"thirdperson_righthand":{"rotation":[0,90,0],"translation":[1.89,0.38,1.51],"scale":[1,1,1]},"firstperson_righthand":{"rotation":[3,99,3],"translation":[4.16,0,-4.16],"scale":[1,1,1]},"gui":{"rotation":[0,0,-45],"translation":[-0.57,0.76,0],"scale":[0.6,0.6,0.6]}}}