{
	"parent": "item/items/bow_1",
	"overrides": [
		{ "predicate": {"damaged": 0, "damage": 0.00260416667}, "model": "item/items/bow_1"},
		{ "predicate": {"damaged": 0, "damage": 0.00520833333}, "model": "item/items/bow_2"},
		{ "predicate": {"damaged": 0, "damage": 0.0078125}, "model": "item/items/bow_1"},
		{ "predicate": {"damaged": 0, "damage": 0.0104166667}, "model": "item/items/bow_2"},
		{ "predicate": {"damaged": 0, "damage": 0.0130208333}, "model": "item/items/bow_1"},
		{ "predicate": {"damaged": 0, "damage": 0.015625}, "model": "item/items/bow_2"},
		{ "predicate": {"damaged": 0, "damage": 0.0182291667}, "model": "item/items/bow_1"},
		{ "predicate": {"damaged": 0, "damage": 0.0208333333}, "model": "item/items/bow_2"},
		{ "predicate": {"damaged": 0, "damage": 0.0234375}, "model": "item/items/bow_1"},
		{ "predicate": {"damaged": 0, "damage": 0.0260416667}, "model": "item/items/bow_2"},
		{ "predicate": {"damaged": 0, "damage": 0.260416667}, "model": "item/legends/cung_thienthan"},
		{ "predicate": {"damaged": 1, "damage": 0}, "model": "item/items/bow_1"}
	]
}