{
    "parent": "item/items/sword_1",
	"overrides": [
		{"predicate": {"damaged": 0, "damage": 0.000640204866},"model": "item/items/sword_1"},
		{"predicate": {"damaged": 0, "damage": 0.00128122998},"model": "item/items/sword_2"},
		{"predicate": {"damaged": 0, "damage": 0.00192184497},"model": "item/items/sword_1"},
		{"predicate": {"damaged": 0, "damage": 0.00256081946},"model": "item/items/sword_3"},
		{"predicate": {"damaged": 0, "damage": 0.064061499},"model": "item/legends/quykiem"},
		{"predicate": {"damaged": 0, "damage": 0.064702114},"model": "item/legends/sword_sun"},
		{"predicate": {"damaged": 1, "damage": 0}, "model": "item/items/sword_1"}
	]
}