{
	"parent": "item/items/wand_1",
    "overrides": [
    	{"predicate": {"damaged": 0, "damage": 0.000640204866},"model": "item/items/wand_1"},
    	{"predicate": {"damaged": 0, "damage": 0.00128040973},"model": "item/items/wand_2"},
    	{"predicate": {"damaged": 0, "damage": 0.0019206146},"model": "item/items/wand_3"},
    	{"predicate": {"damaged": 0, "damage": 0.00256081946},"model": "item/items/wand_4"},
    	{"predicate": {"damaged": 0, "damage": 0.00320102433},"model": "item/items/wand_1"},
    	{"predicate": {"damaged": 0, "damage": 0.00384122919},"model": "item/items/wand_2"},
    	{"predicate": {"damaged": 0, "damage": 0.0640204865556978},"model": "item/legends/truong_khaihuyen"},
        {"predicate": {"damaged": 1, "damage": 0}, "model": "item/items/wand_1"}
    ]
}