{
    "parent": "item/handheld",
    "textures": {
        "layer0": "items/diamond_pickaxe"
    },
    "overrides": [
        {"predicate": {"damaged": 0, "damage": 0.000640204866},"model": "item/classes/crushader_icon"},
        {"predicate": {"damaged": 0, "damage": 0.00128040973},"model": "item/classes/archer_icon"},
        {"predicate": {"damaged": 0, "damage": 0.0019206146},"model": "item/classes/paladin_icon"},
        {"predicate": {"damaged": 0, "damage": 0.00256081946},"model": "item/classes/assassin_icon"},
        {"predicate": {"damaged": 0, "damage": 0.00320102433},"model": "item/classes/wizard_icon"},
        {"predicate": {"damaged": 0, "damage": 0.00384122919},"model": "item/classes/reaper_icon"},
        {"predicate": {"damaged": 0, "damage": 0.00448143406},"model": "item/classes/alchemist_icon"},
        {"predicate": {"damaged": 0, "damage": 0.00512163892},"model": "item/classes/samurai_icon"},
        {"predicate": {"damaged": 0, "damage": 0.0185659411011524},"model": "item/items/blank"},
        {"predicate": {"damaged": 0, "damage": 0.019206146},"model": "item/items/arrow_right"},
        {"predicate": {"damaged": 0, "damage": 0.0198463508},"model": "item/items/arrow_left"},
        {"predicate": {"damaged": 0, "damage": 0.0204865556978233},"model": "item/items/icon_option"},
        {"predicate": {"damaged": 0, "damage": 0.0211267605633803},"model": "item/items/icon_tracker"},
        {"predicate": {"damaged": 0, "damage": 0.0217669654289373},"model": "item/items/icon_skill"},
        {"predicate": {"damaged": 0, "damage": 0.0224071702944942},"model": "item/items/icon_shard"},
        {"predicate": {"damaged": 0, "damage": 0.0230473751600512},"model": "item/items/icon_pearl"},
        {"predicate": {"damaged": 0, "damage": 0.0236875800256082},"model": "item/items/icon_effect"},
        {"predicate": {"damaged": 0, "damage": 0.0243277848911652},"model": "item/items/icon_guild"},
        {"predicate": {"damaged": 0, "damage": 0.0249679897567222},"model": "item/items/icon_defend"},
        {"predicate": {"damaged": 0, "damage": 0.0256081946222791},"model": "item/items/icon_lifeskill"},
        {"predicate": {"damaged": 0, "damage": 0.0262483994878361},"model": "item/items/icon_duel"},
        {"predicate": {"damaged": 0, "damage": 0.0268886043533931},"model": "item/items/icon_sword"},
        {"predicate": {"damaged": 0, "damage": 0.0275288092189501},"model": "item/items/icon_bank"},
        {"predicate": {"damaged": 0, "damage": 0.028169014084507},"model": "item/items/icon_pet"},
        {"predicate": {"damaged": 0, "damage": 0.028809218950064},"model": "item/items/accessories/empty_bracelet"},
        {"predicate": {"damaged": 0, "damage": 0.029449423815621},"model": "item/items/accessories/empty_ring"},
        {"predicate": {"damaged": 0, "damage": 0.030089628681178},"model": "item/items/accessories/empty_necklace"},
        {"predicate": {"damaged": 1, "damage": 0}, "model": "item/diamond_pickaxe"}
    ]
}