{
    "parent": "item/items/accessories/bracelet_1",
    "overrides": [
        {"predicate": {"damaged": 0, "damage": 0.0303030303},"model": "item/items/accessories/bracelet_1"},
        {"predicate": {"damaged": 0, "damage": 0.0606060606},"model": "item/items/accessories/bracelet_2"},
        {"predicate": {"damaged": 0, "damage": 0.0909090909},"model": "item/items/accessories/bracelet_3"},
        {"predicate": {"damaged": 0, "damage": 0.121212121},"model": "item/items/accessories/bracelet_4"},
        {"predicate": {"damaged": 0, "damage": 0.151515152},"model": "item/items/accessories/bracelet_5"},
        {"predicate": {"damaged": 0, "damage": 0.181818182},"model": "item/items/accessories/bracelet_6"},
        {"predicate": {"damaged": 0, "damage": 0.212121212},"model": "item/items/accessories/bracelet_7"},
        {"predicate": {"damaged": 0, "damage": 0.242424242},"model": "item/items/accessories/bracelet_8"},
        {"predicate": {"damaged": 0, "damage": 0.272727273},"model": "item/items/accessories/bracelet_9"},
        {"predicate": {"damaged": 0, "damage": 0.303030303},"model": "item/items/accessories/bracelet_10"},
        {"predicate": {"damaged": 1, "damage": 0}, "model": "item/items/accessories/bracelet_1"}
    ]
}