{
    "parent": "item/items/accessories/ring_1",
    "overrides": [
        {"predicate": {"damaged": 0, "damage": 0.0303030303},"model": "item/items/accessories/ring_1"},
        {"predicate": {"damaged": 0, "damage": 0.0606060606},"model": "item/items/accessories/ring_2"},
        {"predicate": {"damaged": 0, "damage": 0.0909090909},"model": "item/items/accessories/ring_3"},
        {"predicate": {"damaged": 0, "damage": 0.121212121},"model": "item/items/accessories/ring_4"},
        {"predicate": {"damaged": 0, "damage": 0.151515152},"model": "item/items/accessories/ring_5"},
        {"predicate": {"damaged": 0, "damage": 0.181818182},"model": "item/items/accessories/ring_6"},
        {"predicate": {"damaged": 0, "damage": 0.212121212},"model": "item/items/accessories/ring_7"},
        {"predicate": {"damaged": 0, "damage": 0.242424242},"model": "item/items/accessories/ring_8"},
        {"predicate": {"damaged": 0, "damage": 0.272727273},"model": "item/items/accessories/ring_9"},
        {"predicate": {"damaged": 0, "damage": 0.303030303},"model": "item/items/accessories/ring_10"},
        {"predicate": {"damaged": 1, "damage": 0}, "model": "item/items/accessories/ring_1"}
    ]
}