{
    "parent": "item/items/accessories/necklace_1",
    "overrides": [
        {"predicate": {"damaged": 0, "damage": 0.00757575757},"model": "item/items/accessories/necklace_1"},
        {"predicate": {"damaged": 0, "damage": 0.01515151515},"model": "item/items/accessories/necklace_2"},
        {"predicate": {"damaged": 0, "damage": 0.0227272727},"model": "item/items/accessories/necklace_3"},
        {"predicate": {"damaged": 0, "damage": 0.0303030303},"model": "item/items/accessories/ring_4"},
        {"predicate": {"damaged": 0, "damage": 0.0378787878},"model": "item/items/accessories/necklace_5"},
        {"predicate": {"damaged": 0, "damage": 0.0454545454},"model": "item/items/accessories/necklace_6"},
        {"predicate": {"damaged": 0, "damage": 0.0530303030},"model": "item/items/accessories/necklace_7"},
        {"predicate": {"damaged": 0, "damage": 0.0606060606},"model": "item/items/accessories/necklace_8"},
        {"predicate": {"damaged": 0, "damage": 0.0681818181},"model": "item/items/accessories/necklace_9"},
        {"predicate": {"damaged": 0, "damage": 0.0757575757},"model": "item/items/accessories/necklace_10"},
        {"predicate": {"damaged": 1, "damage": 0}, "model": "item/items/accessories/necklace_1"}
    ]
}